sample_id,year,sentence,true_label,predicted_label,prob_dovish,prob_hawkish,prob_neutral,correct,seed,model_name
213,2010,"Going forward, consumer outlays were expected to be supported by further advances in employment and income.",1,1,0.085819,0.679222,0.234959,1,944601,roberta_all
1018,2009,"When the Committee decides to begin to remove policy accommodation, it will take a balanced approach consistent with its longer-run goals of maximum employment and inflation of 2 percent. """,1,1,0.365209,0.575129,0.059662,1,944601,roberta_all
723,2017,Several participants noted the increase in agricultural crop prices over 2020 and the associated improvement in farm revenues.,2,1,0.034015,0.885521,0.080464,0,944601,roberta_all
238,1998,"However, core inflation had been subdued in recent months and longer-run inflation expectations remained contained.",0,0,0.857271,0.058416,0.084313,1,944601,roberta_all
629,2002,"Policy tightening started last year, as emerging markets including Mexico and Brazil increased rates substantially amid expectations of accelerating inflation.",1,1,0.028758,0.951375,0.019866,1,944601,roberta_all
79,2018,"But it could be that if interest rates rise quickly, for example, that we would be in a situation of not giving remittances to the Treasury for a couple of years, and that would create problems, no doubt, for the Fed in terms of congressional response.",2,1,0.157622,0.815498,0.026880,0,944601,roberta_all
56,2011,"And, in particular, I do personally believe that the slowdown is at least partly temporary, and that we’ll see greater growth going forward.",0,0,0.595130,0.221147,0.183724,1,944601,roberta_all
644,2000,Prospects for ProductivityLet me close with some comments on the outlook for productivity.,2,2,0.084117,0.041906,0.873977,1,944601,roberta_all
701,2002,That is why foreign trade deficits are typically thought of as self-correcting.,2,2,0.061149,0.062891,0.875960,1,944601,roberta_all
930,1997,"The staff raised slightly its projection for inflation during the second half of this year, as the upward pressure on consumer prices from earlier increases in import and commodity prices was expected to persist a little longer than previously anticipated.",1,1,0.029202,0.945842,0.024956,1,944601,roberta_all
543,1997,Monetary policy has an ambiguous effect on trade imbalances.,2,2,0.037379,0.039924,0.922698,1,944601,roberta_all
200,2013,"So that’s in the low 20s, and that’s post the May employment report.",2,0,0.683559,0.068329,0.248112,0,944601,roberta_all
633,2005,Price shocks.,2,2,0.049666,0.157284,0.793050,1,944601,roberta_all
72,2017,"Al­though core inflation and the 12-month trimmed mean PCE inflation rate calculated by the Federal Reserve Bank of Dallas remained a little below 2 percent, many participants anticipated that high levels of resource utilization and stable inflation expectations would keep overall inflation near 2 percent over the medium term.",2,0,0.698685,0.147813,0.153502,0,944601,roberta_all
17,2020,"A few participants judged that while the labor market was close to full employment, some margins of slack remained; these participants pointed to the employment-to-population ratio or the labor force participation rate for prime-age workers, which remained below pre-recession levels, as well as the absence to date of clear signs of a pickup in aggregate wage growth.",2,0,0.908144,0.045772,0.046084,0,944601,roberta_all
482,2005,"Inflation is much too high, and I strongly believe that bringing inflation back to our target is a necessary condition for meeting the goals mandated by Congress of price stability and maximum employment on a sustainable basis.",1,1,0.062930,0.917465,0.019605,1,944601,roberta_all
932,2019,"We also expect it will be appropriate to maintain the current target range for the federal funds rate at 0 to 1/4 percent until labor market conditions have reached levels consistent with the Committee's assessments of maximum employment, until inflation has risen to 2 percent, and until inflation is on track to moderately exceed 2 percent for some time.",0,0,0.548889,0.064682,0.386429,1,944601,roberta_all
600,2017,"On the supply side, the effect is fairly clear and immediate: An increase in trend productivity growth implies a more rapid pace of growth of the economy's productive capacity.",1,1,0.350645,0.438718,0.210638,1,944601,roberta_all
555,2007,Most participants continued to see the risks to inflation as balanced.,2,2,0.049111,0.065556,0.885333,1,944601,roberta_all
436,2021,"It was observed that, after the early 1980s, the pass-through of energy prices into core inflation had been quite limited, suggesting that, in current circumstances, core inflation could stay relatively low and overall inflation would probably drop back if inflation expectations remained contained.",2,0,0.534786,0.083328,0.381886,0,944601,roberta_all
534,2020,Mishkin and Jonas (forthcoming) describe the experiences of the three transition economies with inflation targets.,2,2,0.034780,0.056864,0.908356,1,944601,roberta_all
670,2001,"Particularly in light of persistent low readings on inflation and from indicators of inflation expectations along with the risks to the U. S. outlook associated with global economic developments, he noted that a policy rate reduction at the current meeting would help re-center inflation and inflation expectations at levels consistent with the Committee's symmetric 2 percent inflation objective and simultaneously provide some insurance against unexpected developments that could slow U. S. economic growth.",0,0,0.953300,0.032721,0.013979,1,944601,roberta_all
488,2020,"Market-based measures of inflation compensation have moved up but remain low; most survey-based measures of longer-term inflation expectations are little changed, on balance, in recent months.",2,0,0.877602,0.060386,0.062012,0,944601,roberta_all
875,2004,This was a somewhat sharper effect than was anticipated at the beginning of the year and accounts for a small part of the forecast error on inflation.,2,1,0.099582,0.787949,0.112469,0,944601,roberta_all
206,2021,"Deflation, like inflation, would distort resource allocation and interfere with the economy's ability to reach its full potential.",0,0,0.871619,0.107911,0.020469,1,944601,roberta_all
886,2016,"The nominal deficit on U. S. trade in goods and services narrowed somewhat in August from a high rate in July; however, for the two months combined, the deficit was considerably wider than its average rate for the second quarter.",1,1,0.153339,0.796317,0.050345,1,944601,roberta_all
612,1999,"One participant remarked that, with inflation having run consistently below 2 percent in recent years and market-based measures of inflation compensation still low, postponing an increase in the target range for the federal funds rate would help push inflation expectations up to levels consistent with the Committee's objective.",0,0,0.883868,0.098799,0.017332,1,944601,roberta_all
924,2005,"Unfortunately, I suspect that this call would often come so late in the day that, given the lags in the monetary transmission mechanism and uncertainty about the duration of bubbles, raising interest rates might actually risk exacerbating instability.",0,1,0.032048,0.954274,0.013678,0,944601,roberta_all
193,2016,So it’s a double whammy coming from higher gasoline prices.,1,1,0.038930,0.924615,0.036454,1,944601,roberta_all
899,2012,"The prospect of additional fiscal stimulus likely contributed to a steeper U. S. Treasury yield curve, increased inflation compensation, and broad dollar depreciation.",1,0,0.715269,0.268854,0.015877,0,944601,roberta_all
93,2004,"As a result, national saving increased, providing further impetus to economic growth.",0,1,0.268445,0.664451,0.067104,0,944601,roberta_all
201,2013,"So that’s the kind of thinking we’ll be doing, and, again, we’re looking—ultimately, we’re not going to declare victory until we see a series of these, really see convincing evidence, compelling evidence, that inflation is coming down.",1,0,0.522075,0.432190,0.045736,0,944601,roberta_all
243,2007,"However, household spending had been relatively robust during the cyclical downturn and likely had only limited room for a pickup over coming quarters, and intense competitive pressures could well constrain profits, investment, and equity prices.",2,0,0.752910,0.158543,0.088547,0,944601,roberta_all
851,2021,The external sector was expected to exert a small restraining influence on economic activity over the projection period.,0,0,0.904941,0.041156,0.053903,1,944601,roberta_all
840,2001,"These inferences are supported by some empirical evidence.10 On the other hand, the increased liquidity of home equity may lead consumer spending to respond more than in past years to changes in the values of their homes; some evidence does suggest that the correlation of consumption and house prices is higher in countries, like the United States, that have more sophisticated mortgage markets (Calza, Monacelli, and Stracca, 2007).",2,1,0.052081,0.559785,0.388135,0,944601,roberta_all
197,2019,"Consequently, following periods when inflation has been running persistently below 2 percent, appropriate monetary policy will likely aim to achieve inflation moderately above 2 percent for some time.",0,0,0.939733,0.036509,0.023758,1,944601,roberta_all
198,2002,"For 1998, the Committee agreed on a tentative basis to set the same ranges as in 1997 for growth of the monetary aggregates and debt, measured from the fourth quarter of 1997 to the fourth quarter of 1998.",2,2,0.037906,0.030614,0.931479,1,944601,roberta_all
205,2021,"So there’s been a number of emerging markets—as you know, we’re suffering under the weight of declines in oil prices that are affecting their economic activity.",2,0,0.938503,0.036055,0.025442,0,944601,roberta_all
153,2021,It was the year of synchronized global growth.,2,2,0.077933,0.328670,0.593397,1,944601,roberta_all
414,2016,Indicators for China in July pointed to only a modest slowing of output growth from its torrid pace in the first half of the year.,2,2,0.166198,0.317259,0.516543,1,944601,roberta_all
15,2013,"And as I mentioned, I think at the last press conference, estimates by the—by members of the Committee have moved down by a full percentage point since maybe 2012 as we’ve learned—as unemployment has dropped and inflation hasn’t really reacted.",2,0,0.865555,0.071649,0.062796,0,944601,roberta_all
6,1999,"* * * As the transcripts of FOMC meetings attest, making monetary policy is an especially humbling activity.",2,2,0.061603,0.060704,0.877693,1,944601,roberta_all
25,2011,"And no, we’re not—we, we have not at all changed our view, and I haven’t changed my view that inflation running above 2 percent, moderately above 2 percent, is a desirable thing.",0,1,0.350077,0.578843,0.071080,0,944601,roberta_all
980,2005,"With regards to inflation, the median inflation projection of FOMC participants is 2.4 percent this year and declines to 2 percent next year before moving back up to 2.1 percent in 2023.",2,2,0.184654,0.097428,0.717918,1,944601,roberta_all
623,2012,"Overall employment gains were relatively well maintained, and labor markets were still tight though showing signs of softening.",2,1,0.077029,0.629480,0.293492,0,944601,roberta_all
406,2022,"In essence, monetary credibility helps the central bank do its job, by inducing private sector participants also to take actions that help achieve the central bank's low inflation objective.",1,1,0.336455,0.546720,0.116825,1,944601,roberta_all
271,2020,"We also said we wouldn’t raise rates just in response to very low unemployment, in the absence of inflation.",0,1,0.080148,0.885822,0.034030,0,944601,roberta_all
197,2002,"For 1997 the Committee agreed on a tentative basis to set the same ranges as in 1996 for growth of the monetary aggregages and debt, measured from the fourth quarter of 1996 to the fourth quarter of 1997.",2,2,0.039469,0.031497,0.929034,1,944601,roberta_all
867,2008,"The labor force participation rate, along with the employment-to-population ratio, increased, on net, in recent months.",1,1,0.031280,0.938091,0.030629,1,944601,roberta_all
876,2006,The members also agreed on the desirability of retaining the assessment that the risks with regard to the outlook for economic growth were balanced.,2,2,0.065794,0.047296,0.886910,1,944601,roberta_all
416,2006,"In part, the high inflation reflects supply chain disruptions associated with the economic effects of the pandemic and efforts made to contain it.",1,1,0.050839,0.887038,0.062123,1,944601,roberta_all
439,2000,"In the absence of such offsetting operations, a decrease in currency demand would raise the amount of reserves and hence lower the federal funds rate.",0,0,0.626601,0.335977,0.037422,1,944601,roberta_all
736,2018,"Some business contacts indicated that wage and price pressures were subdued; however, in one District, contacts pointed to rising wage pressures and labor shortages.",1,1,0.037276,0.909111,0.053613,1,944601,roberta_all
974,2007,They also agreed that the inflation situation seemed to have improved slightly and judged that it was no longer appropriate to indicate that a sustained moderation in inflation pressures had yet to be shown.,2,2,0.079316,0.220730,0.699953,1,944601,roberta_all
616,2019,"One participant, however, objected that purchases of MBS, when compared to purchases of longer-term Treasury securities, would likely result in higher interest rates for many borrowers in other sectors.",1,1,0.039539,0.922763,0.037698,1,944601,roberta_all
103,1999,"At the conclusion of the discussion, the Committee voted to authorize and direct the Federal Reserve Bank of New York, until it was instructed otherwise, to execute transactions in the System Account in accordance with the following domestic policy directive: The Federal Open Market Committee seeks monetary and financial conditions that will foster price stability and promote sustainable growth in output.",1,2,0.087914,0.450681,0.461404,0,944601,roberta_all
194,2016,"So it’s a serious economic problem for the United States, but it’s—it’s got underlying causes that are not related to monetary policy or to our response to the pandemic.",2,0,0.861538,0.071846,0.066616,0,944601,roberta_all
933,1997,"The staff viewed the extent of uncertainty around its March projections for real GDP growth, the unemployment rate, and inflation as similar to the average over the past 20 years.",2,2,0.045410,0.026202,0.928388,1,944601,roberta_all
281,2006,"In December, the consumer price index (CPI) rose somewhat faster than in recent months, primarily reflecting an upturn in consumer energy prices; core CPI inflation remained low.",2,0,0.889558,0.068063,0.042379,0,944601,roberta_all
988,2022,"Without the accompanying boost to productivity, our progress toward price stability might well have been marked by the social pressures that arose in many previous episodes of disinflation both here and abroad.",0,0,0.914250,0.054474,0.031276,1,944601,roberta_all
754,2009,"Some participants suggested that shifts of funds from abroad into U. S. Treasury securities may have put downward pressure on term premiums; the shifts, in turn, may have reflected in part a reaction to declines in foreign sovereign yields in response to actual and anticipated monetary policy actions abroad.",2,0,0.795453,0.081605,0.122942,0,944601,roberta_all
834,2020,"The considerable monetary ease already in place, the prospect of significantly more fiscal stimulus, the continuing strong gains in structural productivity, and the anticipated improvement in business confidence would provide significant impetus to spending.",2,0,0.497895,0.389143,0.112963,0,944601,roberta_all
409,2022,"Indeed, most anticipated that inflation will slow for a time to rates somewhat lower than those they judge consistent with the dual goals of price stability and maximum employment, initially reflecting the recent declines in the prices of energy and other commodities and later responding to several years of substantial economic slack.",0,0,0.937697,0.030518,0.031785,1,944601,roberta_all
632,2003,Participants anticipated that inflation would continue to gradually rise as resource utilization tightened further and as wage pressures became more apparent; several expected that declines in the foreign exchange value of the dollar in recent months would also likely help return inflation to 2 percent over the medium term.,1,1,0.044482,0.858606,0.096912,1,944601,roberta_all
262,1996,"Following the GFC, it took more than eight years for employment and inflation to return to similar mandate-consistent levels.",2,0,0.825505,0.109788,0.064707,0,944601,roberta_all
831,2008,"Therefore, maximum employment (at least if interpreted as full employment or being at NAIRU) and price stability, the statutory mandate of the Federal Reserve, are compatible in the long run.",2,1,0.107419,0.687145,0.205435,0,944601,roberta_all
815,2002,The Federal Open Market Committee seeks monetary and financial conditions that will foster price stability and promote sustainable growth in output.,2,2,0.043499,0.058997,0.897503,1,944601,roberta_all
805,2001,"The stock market soared, and--remarkably enough--core inflation moderated.",2,1,0.066203,0.680010,0.253786,0,944601,roberta_all
582,2021,"Nonetheless, the members also noted that the rise in compensation increases had been damped and that there continued to be few indications of accelerating price inflation in the statistical and anecdotal information available at this time; such developments underlined persisting uncertainties about behavior in labor markets and the level and growth of the economy's sustainable potential.",1,1,0.031563,0.888849,0.079588,1,944601,roberta_all
187,2004,"Even so, most members viewed a slowing to a rate closer to most estimates of the growth of the economy's potential as a reasonable expectation.",2,0,0.443009,0.382365,0.174625,0,944601,roberta_all
54,2005,"Although participants considered it unlikely that the economy would reenter a recession, many expressed concern that output growth, and the associated progress in reducing the level of unemployment, could be slow for some time.",0,0,0.937729,0.036004,0.026267,1,944601,roberta_all
174,2021,"Of course, we’re ready to provide information that Congress needs to evaluate the Fed’s decisionmaking, in monetary policy and elsewhere.",2,2,0.033928,0.028066,0.938006,1,944601,roberta_all
1039,2006,"With an increase in the target range at this meeting, the federal funds rate would be at or close to the lower end of the range of estimates of the longer-run neutral interest rate, and participants expressed that recent developments, including the volatility in financial markets and the increased concerns about global growth, made the appropriate extent and timing of future policy firming less clear than earlier.",1,0,0.626421,0.335949,0.037631,0,944601,roberta_all
930,2019,We all saw the remarkable price increases and shortages in the used car market.,1,1,0.018859,0.918456,0.062685,1,944601,roberta_all
150,2021,"It isn’t really just targeting the headline numbers, but it’s about taking all of those things into account in your thinking about what constitutes maximum employment.",2,0,0.498382,0.231712,0.269906,0,944601,roberta_all
556,2007,Most participants continued to think that the cyclical pressures associated with a tightening labor market were likely to show through to higher inflation over the medium term.,1,1,0.023509,0.954257,0.022234,1,944601,roberta_all
897,2021,"To keep the experiments as clean as possible, I assume that the economy begins at full employment and with both headline and core inflation at desired levels.",2,2,0.090994,0.108345,0.800661,1,944601,roberta_all
455,2019,Increased rates and a smaller balance sheet raise the cost of borrowing and thus reduce household and business demand.,2,1,0.064500,0.911315,0.024185,0,944601,roberta_all
289,2019,We're looking at wages and we're looking at ultimately inflation.,2,2,0.087310,0.078576,0.834114,1,944601,roberta_all
741,2013,"Some members expressed a concern that in this context any further adverse shocks could have disproportionate effects, resulting in a significant slowing in growth going forward.",0,0,0.843750,0.125919,0.030331,1,944601,roberta_all
360,2001,"If episodic recurrences of ruptured confidence are integral to the way our economy and our financial markets work now and in the future, it has significant implications for risk management and, by implication, macroeconomic modeling and monetary policy.",2,1,0.252489,0.447914,0.299597,0,944601,roberta_all
165,2016,"Credit conditions in the commercial real estate (CRE) sector continued to ease, and growth in CRE loans at banks stayed solid.",1,1,0.223041,0.626074,0.150885,1,944601,roberta_all
719,2010,"Several participants discussed the possible complications that additional purchases could cause for the eventual withdrawal of policy accommodation, a few mentioned the prospect of inflationary risks, and some noted that further asset purchases could foster market behavior that could undermine financial stability.",1,1,0.195787,0.784598,0.019615,1,944601,roberta_all
195,2007,Conclusion: The Challenge Facing Monetary Policy This analysis suggests that monetary policy does face a challenge--rebalancing aggregate supply and demand to contain the risk of higher inflation.,1,1,0.026418,0.869953,0.103629,1,944601,roberta_all
955,2007,"When anticipations of Fed tapering led to higher U.S. interest rates and higher market volatility, these trades may have been quickly unwound, engendering particularly sharp declines in EME exchange rates and asset prices.",2,1,0.206074,0.728459,0.065468,0,944601,roberta_all
937,2021,The staff's forecast for core PCE price inflation this year was revised down a little in response to recent data.,0,0,0.880102,0.059890,0.060007,1,944601,roberta_all
388,2020,"In their review of developments in key sectors of the economy, members again emphasized the ongoing strength in household spending and its vital role in moderating the weakness in overall economic activity.",2,1,0.098838,0.553350,0.347812,0,944601,roberta_all
755,2005,The effect of a productivity slowdown on employment growth is likewise ambiguous in the medium term.,2,0,0.851614,0.066920,0.081466,0,944601,roberta_all
652,2005,"Recent FOMC Decisions and the New Monetary Policy Framework At our most recent FOMC meetings, the Committee made important changes to our policy statement that upgraded our forward guidance about the future path of the federal funds rate and asset purchases, and that also provided unprecedented information about our policy reaction function.",2,2,0.104940,0.187587,0.707473,1,944601,roberta_all
915,1997,Treasury yields rose sharply on its release as market participants traced out the report's presumed implications for monetary policy.,1,1,0.090694,0.828355,0.080951,1,944601,roberta_all
187,2020,"So I think, through all of those channels, monetary policy works.",2,2,0.055070,0.042576,0.902353,1,944601,roberta_all
794,2020,"The resulting uncertainty makes it difficult to predict the future path of activity, unemployment, and inflation.",2,2,0.079897,0.034072,0.886031,1,944601,roberta_all
249,2021,"The persistence of that into, into inflation over time is just not there.",0,2,0.055934,0.047727,0.896338,0,944601,roberta_all
102,2022,"As students of economics, you may already know that the Federal Reserve conducts monetary policy to support a strong and stable economy in the United States.",2,2,0.058499,0.087856,0.853644,1,944601,roberta_all
902,2003,"To see this, suppose that a speculative bubble has emerged and that a central bank, operating under a conventional strategy, has raised interest rates to keep the projected output gap closed and expected inflation at its desired level before the bubble bursts.",1,1,0.034044,0.938490,0.027466,1,944601,roberta_all
554,2006,"Moreover, monetary policy actions addressed at a perceived bubble in one sector may have undesirable effects on other asset prices and the economy more generally.",0,1,0.163719,0.665647,0.170634,0,944601,roberta_all
143,2012,"Inflation has moved up in recent months, mainly reflecting higher prices for some commodities and imported goods.",1,1,0.023742,0.948698,0.027559,1,944601,roberta_all
54,2015,"And, as I went into detail in Jackson Hole and won’t repeat all of that there, there are other ways in which we see underutilization—high levels that have come down only very marginally of part-time employment for economic—or involuntary part-time employment, perhaps some remaining shortfall of labor force participation as a result of cyclical factors.",2,0,0.858421,0.067424,0.074155,0,944601,roberta_all
448,2005,"Labor demand remained strong, and the labor market continued to be very tight.",0,1,0.118259,0.813171,0.068570,0,944601,roberta_all
832,2020,"The broad index of the foreign exchange value of the dollar rose nearly 3 percent over the intermeeting period amid the rise in U. S. interest rates, market expectations that U. S. tax reform was becoming more likely, and foreign central bank actions and communications.",1,1,0.043761,0.925978,0.030261,1,944601,roberta_all
181,1997,"Case studies of individual industries show that, in some cases, the planning for technological modernization has not always been adequate, with the result that some purchases of high-tech equipment and software have not added much to productivity or profits.",2,2,0.209647,0.065922,0.724431,1,944601,roberta_all
24,2020,"And maybe reducing their level of the natural rate of unemployment, which has been the trend.",1,0,0.842493,0.104454,0.053052,0,944601,roberta_all
109,2004,"Assisted by the whole array of market prices, entrepreneurs seek to identify the types of products and services that individuals will value, especially the added value placed on products and services that customers find better tailored to their particular needs, delivered in shorter time frames, or improved in quality.",2,2,0.037603,0.027742,0.934655,1,944601,roberta_all
520,1997,"Members saw the persistence of a relatively vigorous expansion in overall economic activity as a likely prospect in the context of continuing stimulus from fiscal and monetary policies, accommodative financial conditions, growing business optimism, favorable consumer sentiment, and robust increases in productivity.",0,0,0.918430,0.060321,0.021249,1,944601,roberta_all
280,1997,"For example, monetary policy makers might attempt to influence market expectations of future short rates as an alternative to changing the current setting of the overnight rate.",2,2,0.033776,0.040590,0.925633,1,944601,roberta_all
43,2007,"Already, various trimmed price indexes are running much closer to 2 percent.",2,2,0.313905,0.205284,0.480811,1,944601,roberta_all
178,2016,"Economic activity expanded in the second quarter, partly reflecting growth in consumer spending and exports.",1,1,0.088305,0.739162,0.172533,1,944601,roberta_all
104,2021,"For example, we have used some of our work to look at interest rate risk and interest rate sensitivity and, you know, found generally that banks can also sustain a significant increase in long-term interest rates as well for a number of reasons, one of them being that higher interest rates increase their franchise value because it increases their net interest margin over time.",2,1,0.028096,0.923869,0.048035,0,944601,roberta_all
628,2004,"Participants agreed to continue to explore ways to increase transparency and clarity in the Committee's policy communications, and they indicated a willingness to look into modifications to the SEP. At the end of the discussion, the Chairman asked the subcommittee on communications to explore potential approaches to providing more information about the Committee's collective judgment regarding the economic outlook and appropriate monetary policy through the SEP.",2,2,0.047819,0.055119,0.897062,1,944601,roberta_all
602,2001,"On the more positive side, there were no signs that the pace of productivity gains was currently leveling out and no evidence of rising longer-term inflation expectations.",2,2,0.059691,0.385980,0.554329,1,944601,roberta_all
175,2021,"On the other hand, by that metric, the, the September 16, 2020 unemployment rate would have been in the—in the 20s in, in April.",2,0,0.514370,0.106188,0.379442,0,944601,roberta_all
433,2020,It was also noted that the weakness in homebuilding along with the continued rise in house prices suggested that supply constraints were also weighing on construction activity.,1,1,0.293913,0.663658,0.042429,1,944601,roberta_all
114,2022,"At the same time, recent research on the science of monetary policy (as well as the analysis of several historical episodes) has underscored the pitfalls that can result from maintaining a zero or negative inflation rate over time.",0,0,0.523141,0.237378,0.239481,1,944601,roberta_all
52,2005,"Although many participants remained concerned about downside risks attending the outlook for inflation, a majority of participants saw the risks to the outlook for inflation as balanced.",2,2,0.330134,0.135073,0.534792,1,944601,roberta_all
74,2017,An easing of supply constraints was expected to support continued gains in economic activity and employment as well as a reduction in inflation.,2,0,0.450046,0.281177,0.268777,0,944601,roberta_all
334,2003,"In particular, participants judged that communicating the Committee's expectation that short-term interest rates were likely to stay exceptionally low for some time could be useful because it could lead to pricing of longer-term interest rates consistent with the path of monetary policy that policymakers saw as most likely.",0,0,0.721374,0.078113,0.200512,1,944601,roberta_all
667,1999,"Participants' assessments of the economic outlook were little changed, with the intermeeting information generally seen as suggesting that economic growth would remain moderate over coming quarters and then pick up gradually.",2,2,0.054514,0.038110,0.907376,1,944601,roberta_all
89,2013,"As yields on inflation-indexed Treasury securities rose roughly in line with their nominal counterparts, longer-term inflation compensation remained about unchanged.",2,1,0.060719,0.883053,0.056229,0,944601,roberta_all
1060,2003,"With the latter displaying relative vigor, the value of domestic imports was likely to continue to exceed that of exports by a substantial margin, thereby tending to perpetuate the large current account deficits that had worrisome implications for the future.",1,1,0.395035,0.569665,0.035299,1,944601,roberta_all
892,2022,"To be sure, our main tool, monetary policy, is a blunt instrument that cannot be targeted at individual industries or regions.",2,2,0.042527,0.026458,0.931016,1,944601,roberta_all
887,2016,"The nominal deficit on U. S. trade in goods and services widened substantially in July, reflecting both a decline in exports and a rise in imports.",1,1,0.058955,0.916198,0.024847,1,944601,roberta_all
192,2008,"Conclusion In conclusion, let us not forget that the declines in inflation over the past two decades and the resulting boost to monetary credibility we currently enjoy were earned with some economic pain, as the pace of economic activity was slowed, at times severely, to bring inflation down.",1,0,0.942544,0.039128,0.018328,0,944601,roberta_all
479,2005,"Inflation continued to climb in June, reaching 9.1 percent as measured by the consumer price index.",1,1,0.026888,0.943624,0.029488,1,944601,roberta_all
26,2003,A number of participants stressed that recently enacted fiscal support would help address some of the hardships faced by these groups and that monetary policy would also help by promoting the economy's return to the Committee's goals of broad-based and inclusive maximum employment and price stability.,0,0,0.792868,0.171230,0.035902,1,944601,roberta_all
843,2011,The ebbing of stimulus from last year's tax cuts also could tend to slow growth in consumer spending.,0,0,0.913726,0.043215,0.043059,1,944601,roberta_all
107,2013,I did indicate that I do have concerns about the scope for monetary policy.,2,2,0.075425,0.169107,0.755468,1,944601,roberta_all
331,2003,"In light of these uncertainties as well as continued evidence of muted inflation pressures, participants generally agreed that a patient approach to determining future adjustments to the target range for the federal funds rate remained appropriate.",2,0,0.843426,0.064771,0.091802,0,944601,roberta_all
426,2005,"In response to an unanticipated movement in spending and hence the quantity of money demanded, a small variation in interest rates would be sufficient to bring money back to path but not to correct the deviation in spending.",0,2,0.071352,0.422668,0.505980,0,944601,roberta_all
263,2000,"Following the deepest plunge since the Great Depression, employment and activity rebounded faster and more sharply than anticipated.",1,0,0.687052,0.201196,0.111752,0,944601,roberta_all
343,1997,"In the Committee's discussion of current and prospective economic developments, members referred to the widespread statistical and anecdotal evidence that the surprising strength in economic activity over the closing months of 1996 was persisting in 1997.",1,2,0.064862,0.217578,0.717560,0,944601,roberta_all
224,2014,"So, you know, as I mentioned, the Committee acutely feels its obligation to move to make sure that we restore price stability and is determined to use its tools to do so.",1,1,0.121465,0.858679,0.019856,1,944601,roberta_all
36,2001,"Additionally, by depressing perceived rates of return abroad, the weakness in foreign demand explains a considerable portion of the run-up in the dollar, as shown in figure 4.",0,0,0.904067,0.074091,0.021841,1,944601,roberta_all
479,2013,"Many noted that the slowdown could be a temporary aberration and that other labor market indicators--such as new claims for unemployment insurance, the rate of job openings, and readings on consumers' perceptions of the labor market--remained positive.",2,2,0.067064,0.066722,0.866214,1,944601,roberta_all
609,2001,"One prominent example is the work in behavioral finance on how alternative assumptions regarding rationality can affect predictions for asset prices and saving behavior; another is the growing literature on the interaction of learning, inflation dynamics, and monetary policy.",2,2,0.044601,0.030645,0.924754,1,944601,roberta_all
30,2022,A widespread view that the Federal Reserve would take whatever steps were needed to hold down inflation over time probably had contributed to the persistence of subdued long-run inflation expectations during an extended period when rapidly rising demand was pressing on limited supply resources.,2,0,0.710584,0.254249,0.035167,0,944601,roberta_all
355,2001,"I will focus my remarks today on the use of explicit forward guidance as a tool for monetary policy.1 Before I start, let me briefly discuss near-term monetary policy.",2,2,0.035249,0.027177,0.937574,1,944601,roberta_all
216,2019,"So, I think you raise a very important point because, although there is a great deal of market focus on the timing of liftoff, what to matter in thinking about the stance of policy is what the entire path of interest rates will look like.",2,2,0.031061,0.038048,0.930891,1,944601,roberta_all
138,2000,"Business Caution As I discussed earlier, regression analysis suggests that the robust growth in profits and the comparatively modest recovery in capital expenditures leaves a good part of the extraordinary cash buildup unexplained.",2,2,0.141989,0.247044,0.610967,1,944601,roberta_all
349,2022,"In the absence of such shocks, and assuming appropriate monetary policy, participants' economic projections generally showed growth picking up to a moderate pace and the unemployment rate declining somewhat next year.",1,2,0.155959,0.214592,0.629449,0,944601,roberta_all
678,1996,"Private investors would have to hold more longer-term securities as the Federal Reserve's holdings ran off, making longer-term interest rates somewhat higher than they would be otherwise.",1,1,0.061861,0.853190,0.084949,1,944601,roberta_all
976,2017,"They also generally expected that further gradual increases in the target range for the federal funds rate would be consistent with sustained expansion of economic activity, strong labor market conditions, and inflation near the Committee's symmetric 2 percent objective over the medium term.",1,1,0.035582,0.937604,0.026814,1,944601,roberta_all
731,2003,Significant cost cutting by firms was thought to have led to a sizable increase in productivity growth in the first half of the year; sustained outsized gains in productivity could further damp hiring.,2,0,0.646550,0.164098,0.189351,0,944601,roberta_all
92,2016,"At the conclusion of the discussion, the Committee voted to authorize and direct the Federal Reserve Bank of New York, until it was instructed otherwise, to execute transactions in the SOMA in accordance with the following domestic policy directive: ""Consistent with its statutory mandate, the Federal Open Market Committee seeks monetary and financial conditions that will foster maximum employment and price stability.",0,2,0.165587,0.374263,0.460149,0,944601,roberta_all
153,2000,"But if the economy instead began to overheat, threatening to push inflation to an undesirably high level, the FOMC would have ample scope to respond through tighter monetary policy.",1,1,0.029965,0.953287,0.016748,1,944601,roberta_all
716,2003,The FOMC's primary monetary policy tool is its target range for the federal funds rate.,2,2,0.057049,0.049571,0.893380,1,944601,roberta_all
330,2005,"However, if real (or nominal) government spending is held constant, the surplus will rise over time as a share of GDP, putting downward pressure on the equilibrium real rate, offsetting, at least in part, the effect on the real rate of the higher trend productivity.",0,1,0.195825,0.643373,0.160802,0,944601,roberta_all
323,2007,"Historically, recessions often occurred when the Fed tightened to control inflation.",2,1,0.054076,0.906688,0.039236,0,944601,roberta_all
139,2007,"Compared with the baseline, the disruption to economic activity was more severe and protracted in this scenario, with real GDP and inflation lower and the unemployment rate higher by the end of the medium-term projection.",0,0,0.937286,0.044285,0.018429,1,944601,roberta_all
388,2000,"In addition, U.S. inflation remains muted.",0,0,0.928764,0.031862,0.039374,1,944601,roberta_all
866,2006,"This outcome would be entirely consistent with the new framework the Federal Reserve unanimously adopted in August 2020 and began to implement at our September 2020 Federal Open Market Committee (FOMC) meeting.2 Recent FOMC Decisions and the New Monetary Policy Framework At FOMC meetings convened since the new framework was announced last August, the Committee made important changes to our policy statement that upgraded our forward guidance about the future path of the federal funds rate and asset purchases to bring it in line with our new framework.",2,2,0.076377,0.212688,0.710935,1,944601,roberta_all
734,2003,"Since the previous FOMC meeting, spreads on municipal bonds narrowed substantially, on net, moving near levels observed for several years before the pandemic, as investor demand exhibited some recovery over much of the period from earlier weak levels.",0,0,0.822829,0.107415,0.069756,1,944601,roberta_all
505,2004,Japan enjoyed effective price stability through most of the 1980s.,2,1,0.189628,0.417309,0.393063,0,944601,roberta_all
521,1997,"Members still saw the economic expansion continuing, and most believed that inflation was likely to stabilize near recent low readings in coming quarters and then gradually rise toward levels they consider more consistent with the Committee's dual mandate for maximum employment and price stability.",2,1,0.367160,0.372039,0.260800,0,944601,roberta_all
28,2003,"A surge in nonfarm business inventory investment accounted for a substantial portion of the acceleration in output in the first quarter, and an anticipated moderation in the accumulation of inventories was an important element in forecasts of greatly reduced economic growth in the current quarter.",0,1,0.363419,0.459169,0.177412,0,944601,roberta_all
354,1996,"In the course of the Committee's discussion of the outlook for inflation, members commented that there was no persuasive evidence in recent statistical measures that price inflation was currently picking up or that inflation expectations were rising, though the declines in both inflation and expectations experienced over the course of recent years no longer seemed to be occurring.",2,2,0.088331,0.123509,0.788160,1,944601,roberta_all
404,2022,"In contrast, under a price-level-targeting scheme, continuing deflation combined with an upward-sloping path for the price-level target causes the size of the price-level gap to increase over time.",0,0,0.627873,0.325650,0.046477,1,944601,roberta_all
923,1998,"The staff continued to view the uncertainty around its projections for real GDP growth, the unemployment rate, and inflation as generally similar to the average of the past 20 years.",2,2,0.042575,0.025880,0.931545,1,944601,roberta_all
945,2003,The trimmed mean measure of 12-month PCE price inflation constructed by the Federal Reserve Bank of Dallas remained at or near 2 percent in recent months.,2,2,0.235021,0.263712,0.501267,1,944601,roberta_all
269,2021,We also do see the different measures of slack in the labor market point to different assessments of just what maximum employment is.,2,0,0.691161,0.101151,0.207689,0,944601,roberta_all
40,2007,"After taking account of both frictional and structural unemployment, what unemployment rate is roughly equivalent to the maximum level of employment that can be sustained in the longer run?",2,2,0.310451,0.110316,0.579233,1,944601,roberta_all
702,2002,"That is, it was thought that by accepting a modest increase in the inflation rate, policy could achieve a permanently lower rate of unemployment.",0,1,0.109660,0.845035,0.045305,0,944601,roberta_all
236,1998,"However, as had been the case for many years, the members remained concerned that forecasts of money growth were still subject to a wide range of error in terms of the anticipated relationships between money growth and aggregate economic performance.",2,2,0.041743,0.039976,0.918281,1,944601,roberta_all
294,2017,"In any case, however, the assessment of the adverse effects of the increase in longer-term rates on financial conditions and ultimately on economic activity would depend importantly upon the extent to which rates stabilized at current levels or instead continued to rise.",2,1,0.020579,0.949412,0.030009,0,944601,roberta_all
899,2003,"To provide some evidence for this assertion, as well as some reasons for it, I draw your attention to a speech that Chairman Greenspan made earlier this year, entitled ""Risk and Uncertainty in Monetary Policy"" (Greenspan, 2004).",2,2,0.050399,0.073243,0.876358,1,944601,roberta_all
872,2010,The latter could well be augmented by sharply rising medical costs and by attempts to protect the purchasing power of wages from the erosion caused by the rise in energy prices.,1,1,0.027097,0.940774,0.032130,1,944601,roberta_all
222,2014,"So, with this coronavirus arriving, we judged that the—the net effects of this will be to—to have inflation move down even a little bit more.",0,0,0.931843,0.053227,0.014930,1,944601,roberta_all
328,2005,"However, given the difficulty in distinguishing between changes in asset prices dominated by fundamental forces and those driven by non-fundamental forces, policymakers should not target asset prices or try to guide them to the policymakers' estimate of fundamental value.",2,2,0.031426,0.022862,0.945711,1,944601,roberta_all
669,2020,"Since June, however, inflation fears have receded, and some financial-market participants have become less optimistic about the economy's near-term growth prospects.",0,0,0.708255,0.134809,0.156936,1,944601,roberta_all
805,1998,The Committee will regularly review the size and composition of its securities holdings in light of incoming information and is prepared to adjust those holdings as needed to best foster maximum employment and price stability.,0,2,0.170387,0.116702,0.712911,0,944601,roberta_all
247,2021,"The jobs picture continues to be strong, with the unemployment rate near historic lows and with stronger wage gains.",1,1,0.059978,0.874507,0.065515,1,944601,roberta_all
121,1999,"Broad equity prices rose, adding to their substantial gains since the middle of 2010.",2,2,0.057063,0.352010,0.590927,1,944601,roberta_all
79,2002,"Another participant mentioned, however, that recent sluggish growth of the monetary aggregates suggested that the stance of policy was not overly accommodative.",0,0,0.888077,0.058244,0.053679,1,944601,roberta_all
433,2022,"In that regard, the changes in the macroeconomic environment that underlie our monetary policy review may have some implications for financial stability.",2,2,0.244971,0.168144,0.586884,1,944601,roberta_all
374,2022,Implications of Economic Theory I am going to assert some conclusions based on economic theory that help to understand the potential for monetary policy to achieve these objectives and the consistency among them.,2,2,0.041260,0.027465,0.931276,1,944601,roberta_all
10,1996,"A few members observed that, in their judgment, current and prospective economic conditions--including elevated unemployment and inflation at or below the Committee's objective--could warrant the initiation of additional securities purchases before long.",0,0,0.882198,0.101273,0.016528,1,944601,roberta_all
69,2018,"Although the required amount of cumulative tightening may have increased, members noted that an accelerated pace of policy tightening did not appear necessary at this time, as a degree of economic slack apparently remained, productivity growth would probably continue to damp increases in unit labor costs and prices, and inflation would most likely continue to be contained.",2,1,0.147771,0.780373,0.071855,0,944601,roberta_all
958,2001,"The weakness in labor market conditions remained an important concern to meeting participants, with unemployment expected to remain elevated for some time.",0,0,0.930973,0.046688,0.022339,1,944601,roberta_all
471,2005,"Indeed, the National Bureau of Economic Research's Business Cycle Dating Committee determined in July that the recession that began in March of last year ended in April, making it not only the deepest recession on record, but also the briefest.2 The recovery that commenced in the summer of 2020 was quite robust, and, with one quarter to go, GDP growth in 2021 is projected by the Fed and many outside forecasters to be the fastest since 1983.",1,1,0.345821,0.535751,0.118428,1,944601,roberta_all
806,1998,The Committee would be prepared to adjust the stance of monetary policy as appropriate if risks emerge that could impede the attainment of the Committee's goals.,2,0,0.483519,0.287898,0.228583,0,944601,roberta_all
32,2020,"And so when asset prices went back up, probably there’ll be a swing around there, a positive contribution.",2,0,0.446996,0.406246,0.146758,0,944601,roberta_all
10,2019,And I fully expect it will return to solid growth and a solid labor market as well.,2,1,0.223731,0.413651,0.362618,0,944601,roberta_all
581,2003,"Notably, if people feel sure that inflation will remain well controlled, they will be more restrained in their wage-setting and pricing behavior, which (in something of a virtuous circle) makes it easier for the Federal Reserve to confirm their expectations by keeping inflation low.",1,1,0.316637,0.599190,0.084174,1,944601,roberta_all
230,2016,"That’s not going to happen without, without restoring price stability.",1,1,0.416020,0.483960,0.100020,1,944601,roberta_all
408,1999,"In fact, the Federal Reserveâ€™s upcoming Community Affairs Research Conference will feature several papers that explore these issues.5 Homeownership The important issue of loan pricing aside, expanded access to mortgage credit has helped fuel substantial growth in homeownership.",2,2,0.226131,0.257496,0.516373,1,944601,roberta_all
297,2022,"We’re also, as part of our review, looking at potential innovations, changes to the way we think about things, changes to the framework that would lead us—that would be more supportive of achieving inflation on a 2 percent—on a symmetric 2 percent basis over time.",2,2,0.170099,0.377138,0.452763,1,944601,roberta_all
866,2008,The invasion and related events were creating additional upward pressure on inflation and were likely to weigh on economic activity.,1,1,0.083871,0.887473,0.028656,1,944601,roberta_all
454,2019,"In this less comfortable world, restoring price stability can involve a painful process of slow growth and elevated unemployment.",1,0,0.722761,0.236849,0.040390,0,944601,roberta_all
35,2001,Actual or realized saving depends on the equilibrium values of the real interest rate and other economic variables.,2,2,0.053278,0.043287,0.903436,1,944601,roberta_all
601,2001,"On the foreign trade side of the economy, an anticipated firming of economic conditions abroad would provide impetus to real net exports, At the same time, however, imports were expected to rise appreciably in response to the expansion of domestic economic activity and the appreciation of the dollar, and on balance the external sector probably would not be boosting real GDP.",0,2,0.201526,0.250418,0.548056,0,944601,roberta_all
161,2012,"Last year, we had 1.9 percent productivity, which is much higher.",0,2,0.384684,0.195465,0.419851,0,944601,roberta_all
223,1997,Economic DevelopmentsReal economic activity has continued to expand at a solid pace.,1,1,0.055858,0.903742,0.040400,1,944601,roberta_all
237,2020,"The Federal Reserve’s response is guided by our mandate to promote maximum employment and stable prices for the American people, along with our responsibilities to promote the stability of the financial system.",1,1,0.186958,0.591727,0.221315,1,944601,roberta_all
105,2021,"At the same time, business firms generally were not raising their prices sufficiently to compensate for faster increases in their labor costs, to the extent that the latter were occurring, evidently because of the persistence of intense competition in most markets.",1,1,0.032342,0.903395,0.064264,1,944601,roberta_all
311,2001,"In determining the timing and size of future adjustments to the target range for the federal funds rate, the Committee will assess realized and expected economic conditions relative to its maximum employment objective and its symmetric 2 percent inflation objective.",2,2,0.066487,0.040461,0.893052,1,944601,roberta_all
425,2005,"In recent years, aggressive cost-cutting in the United States has been linked to greater emphasis on maximization of shareholder value and less on growth and diversification, which was more prominent in the 1970s and 1980s.",2,2,0.266820,0.162318,0.570862,1,944601,roberta_all
961,1999,"Whether one looks at trailing or forward price-to-earnings ratios, equity risk premiums, or option prices, there is little basis for arguing that markets show excessive optimism about future returns.",2,2,0.044506,0.040069,0.915425,1,944601,roberta_all
771,1997,The high oil prices would themselves cut into demand growth and tend to stabilize the system.,1,1,0.051539,0.917214,0.031248,1,944601,roberta_all
839,2001,These geopolitical events also pose downside risks to growth.,0,0,0.920189,0.052440,0.027371,1,944601,roberta_all
765,2001,"Staff Economic Outlook In the forecast prepared for the March FOMC meeting, the staff's outlook for real economic activity was broadly similar to that at the time of the January meeting.",2,2,0.039772,0.027119,0.933109,1,944601,roberta_all
804,2009,"The Committee will continue to monitor economic and financial developments and will act as needed to promote sustainable economic growth and price stability. """,1,2,0.157760,0.224926,0.617314,0,944601,roberta_all
836,2018,"The course of underlying inflation pressures was more difficult to gauge, however.",2,2,0.047972,0.108814,0.843214,1,944601,roberta_all
680,2017,Some may see a monetary policy that actively addresses episodes of financial instability along the lines that I have just described as promoting excessive risk-taking and thus increasing the probability of future crises.,1,1,0.180643,0.776719,0.042638,1,944601,roberta_all
101,1999,"At the conclusion of the discussion, the Committee voted to authorize and direct the Federal Reserve Bank of New York, until it was instructed otherwise, to execute transactions in the System Account in accordance with the following domestic policy directive: ""The Federal Open Market Committee seeks monetary and financial conditions that will foster price stability and promote sustainable growth in output.",1,2,0.095993,0.437742,0.466265,0,944601,roberta_all
77,2006,"Another difficulty in assessing the current amount of slack in the economy, and a third uncertainty, concerns the divergent patterns in alternative measures of excess demand.",2,0,0.588602,0.149553,0.261845,0,944601,roberta_all
359,2001,"If a range is selected, questions will arise about the differing implications of movements of inflation inside the range and outside the range and, in the absence of explicitly identifying the mid-point as the target, about where within the range policymakers would prefer inflation to gravitate.",2,2,0.036922,0.060473,0.902604,1,944601,roberta_all
63,2004,"An understanding of a likely long-run level of the equilibrium real rate is useful, even though the level is not directly observable, because it provides a general sense of the level that would, over that longer period, allow aggregate supply and demand to move into balance, given the evaluation of secular forces such as productivity and population growth.",2,2,0.030456,0.035164,0.934380,1,944601,roberta_all
480,2002,"Many observed, however, that a favorable outcome to the hostilities in the Middle East and lower oil prices in line with quotations in futures markets should generate a positive response in equity markets, boost consumer sentiment, and foster a rebound in consumer spending as the year progressed.",1,2,0.169038,0.129081,0.701880,0,944601,roberta_all
487,2020,Market-based measures of inflation compensation have declined somewhat; survey-based measures of longer-term inflation expectations have remained stable.,0,2,0.287925,0.150632,0.561443,0,944601,roberta_all
202,2007,"For now, the Committee should remain particularly vigilant to incoming information bearing on the outlook for inflation.",2,2,0.048837,0.269164,0.681999,1,944601,roberta_all
193,2014,"Financing conditions in capital markets remained broadly accommodative, supported by low interest rates and high equity valuations.",0,0,0.923793,0.051349,0.024858,1,944601,roberta_all
40,1997,"Against this background, the members agreed on the need to continue to monitor the economy with care for signs either of a potential upturn in inflation or greater softness in the expansion than they were currently forecasting and to be prepared to respond promptly in either direction.",2,1,0.132548,0.556292,0.311160,0,944601,roberta_all
737,2021,"The bulk of the variation comes from what finance academics call ""changes in discount rates,"" which is a fancy way of saying the non-fundamental stuff that we don't understand very well--and which can include changes in either investor sentiment or risk aversion, price movements due to forced selling by either levered investors or convexity hedgers, and a variety of other effects that fall under the broad heading of internal market dynamics.",2,2,0.027998,0.028769,0.943233,1,944601,roberta_all
5,1999,"(4) Are there other ways, besides possible influences on inflation and interest rates, in which globalization may have affected the transmission mechanism of monetary policy?",2,2,0.053311,0.036997,0.909691,1,944601,roberta_all
126,2003,"Because equity valuations may pose asymmetric risks to the economic forecast, the implied optimal responses of policy to changes in asset prices may be nonlinear.",2,2,0.029988,0.035681,0.934331,1,944601,roberta_all
570,2014,"Nevertheless, most participants agreed that, although the level of inventories of unsold homes that homebuilders desired was uncertain, the correction of the housing sector was likely to continue to weigh heavily on economic activity through most of this year--somewhat longer than previously expected.",2,0,0.895559,0.066011,0.038430,0,944601,roberta_all
636,2005,Productivity accelerated.,0,2,0.237579,0.265806,0.496616,0,944601,roberta_all
733,2003,"Similarly, measures of underlying inflation continued to be somewhat low relative to levels seen as consistent with the dual mandate over the longer run.",2,0,0.944820,0.030352,0.024829,0,944601,roberta_all
96,2022,"As illustrated by the left-hand panel of figure 6, since 2000, both FOMC participants and respondents to the Blue Chip survey have markedly reduced their projections of the level of real short-term interest rates expected to prevail in the longer run.",0,2,0.275530,0.125688,0.598783,0,944601,roberta_all
476,2021,"Independence and the Federal Reserve System The Federal Reserve, created in 1913, was established as an independent central bank--although, at the time, it was given no clear concept of its role in the conduct of monetary policy.",2,2,0.042551,0.041165,0.916284,1,944601,roberta_all
589,2020,"Obviously, productivity growth generated through this rationalization process will not have the direct demand-augmenting effect of productivity increases realized through more rapid investment spending.",2,2,0.232952,0.090327,0.676721,1,944601,roberta_all
666,2006,Setting the horizon on the interest rate caps to reinforce forward guidance on the policy rate would augment the credibility of the yield curve caps and thereby diminish concerns about an open-ended balance sheet commitment.,2,1,0.122348,0.809766,0.067886,0,944601,roberta_all
870,1999,This secular decline in term premiums since 1990 appears to be correlated with the decline in long-run inflation uncertainty and in short-term interest rate uncertainty.,0,0,0.795837,0.071955,0.132208,1,944601,roberta_all
1,2007,"""4 Importantly, the level of uncertainty around the paths for inflation and employment are higher than normal as we navigate the unprecedented reopening of the world economy.",2,0,0.596926,0.276553,0.126521,0,944601,roberta_all
1,2019,"Admittedly, some of the wage increases is being eaten away by inflation.",1,1,0.123412,0.566749,0.309839,1,944601,roberta_all
542,2011,"Moreover, substantial gains in productivity were muting the effects of rising labor compensation on unit costs, and vigorous competition in numerous markets was continuing to make it very difficult or impossible for business firms to raise their prices to cover rising costs or enhance profit margins.",1,1,0.044951,0.877118,0.077931,1,944601,roberta_all
770,2002,"Still, most members projected that over the next couple of years, the unemployment rate would remain quite elevated and the level of inflation would remain below rates consistent over the longer run with the Federal Reserve's objectives.",0,0,0.925557,0.045379,0.029065,1,944601,roberta_all
813,1999,"The unemployment rate is at a 50-year low, inflation is close to our 2 percent objective, gross domestic product growth is solid, and the Federal Open Market Committee's (FOMC) baseline outlook is for a continuation of this performance in 2020.2 At present, personal consumption expenditures (PCE) price inflation is running somewhat below our 2 percent objective, but we project that, under appropriate monetary policy, inflation will rise gradually to our symmetric 2 percent objective.",2,1,0.196515,0.736962,0.066523,0,944601,roberta_all
257,1999,Fiscal austerity is the one tried and true approach to dealing with budget and trade deficits simultaneously.,1,1,0.238425,0.548015,0.213560,1,944601,roberta_all
724,2020,"The Federal Reserve then sets its policy to achieve the broad objectives assigned to it, specifically, price stability and full employment.",1,2,0.113826,0.240571,0.645603,0,944601,roberta_all
189,2007,Comparing the Theoretical Prediction to Recent Experience The swing from budget deficit to surplus has been much more dramatic than was expected when the fiscal year 1994 budget was adopted.,2,2,0.156967,0.416985,0.426049,1,944601,roberta_all
152,2021,"It was a question of not getting inflation up to our target on a robust, symmetric kind of a way.",0,1,0.283052,0.676466,0.040482,0,944601,roberta_all
80,2020,But it’s not easy to get a clear read on the implications of asset prices for the overall outlook.,2,2,0.032045,0.025739,0.942216,1,944601,roberta_all
268,1998,"However, the projected step-up in real GDP growth over the second half of this year was marked down a little, partly reflecting softer news on construction.",0,0,0.849117,0.088048,0.062836,1,944601,roberta_all
871,1999,This supports the view that there has been an increase in trend productivity growth.,0,0,0.510447,0.241499,0.248054,1,944601,roberta_all
52,2004,"Although the economy has indeed strengthened over the past few quarters, job growth has been anemic and considerable slack persists in labor markets.",0,0,0.780526,0.164680,0.054794,1,944601,roberta_all
545,1997,"Money versus Interest Rates For most of the post-World War II period, monetary economists have vigorously debated whether the Fed should target money or interest rates in setting policy.",2,2,0.037285,0.030185,0.932530,1,944601,roberta_all
811,2004,"The Committee's assessments will take into account a wide range of information, including readings on public health, labor market conditions, inflation pressures and inflation expectations, and financial and international developments. """,2,2,0.042955,0.027391,0.929654,1,944601,roberta_all
273,2004,"For example, core CPI (consumer price inflation) prices fell 0.4 percent in April, the largest monthly decrease since the beginning of the series in 1957.",0,0,0.888844,0.060062,0.051094,1,944601,roberta_all
60,2004,An extreme version of this view is that bubbles probably do not exist--that rational market processes always price assets at their fundamental value.,2,2,0.059034,0.043040,0.897926,1,944601,roberta_all
141,2012,"Inflation has continued to run below our longer-run objective, in part reflecting lower energy prices.",0,0,0.949060,0.032131,0.018808,1,944601,roberta_all
981,2005,"With respect to inflation, the netting of the crosscurrents suggests a modest increase in inflation in 1998, albeit from a steadily downward-revised and very low rate in 1997.",1,2,0.081833,0.280772,0.637395,0,944601,roberta_all
600,2001,"On balance, while the business investment outlook seemed vulnerable to somewhat greater than projected weakness in the short run, the members were persuaded that, against the background of large continuing gains in structural productivity and cost savings from further investment in equipment and software, business firms were likely to accelerate their spending for new capital after a period of adjustment.",2,0,0.534394,0.125512,0.340094,0,944601,roberta_all
165,2014,"Monetary policy has a role, and it really is in, you know—our original role was providing liquidity to financial systems when they’re under stress, and that’s—that’s really part of what we did today.",0,2,0.176515,0.206535,0.616951,0,944601,roberta_all
386,2020,"In their discussion of the economic situation and the outlook, meeting participants agreed that information received over the intermeeting period indicated that the labor market had continued to strengthen and that economic activity had been rising moderately so far this year.",1,1,0.078726,0.471359,0.449914,1,944601,roberta_all
760,2012,"Some uncertainties, such as those associated with the election, had been resolved, but others persisted, including the prospects for oil prices and their consequences for the economy.",2,2,0.049185,0.056892,0.893924,1,944601,roberta_all
369,1996,"In the view of one member, however, aggregate final demand was so strong that, with economic activity and the associated demand for labor having expanded at an unsustainable pace for some time, one could be reasonably confident that inflation would most likely pick up in the absence of policy action.",1,1,0.028034,0.949253,0.022713,1,944601,roberta_all
403,2022,"In contrast, the rise in oil prices during the 1970s was probably seen at the time as largely reflecting a permanent shift in global demand/supply balances.",1,1,0.084939,0.637925,0.277136,1,944601,roberta_all
704,2012,"Residential construction activity remained at a high level, evidently supported in part by recent declines in mortgage interest rates.",0,1,0.221004,0.692491,0.086506,0,944601,roberta_all
44,2017,"And we’re learning to, to engage in economic activity.",2,2,0.185455,0.079280,0.735265,1,944601,roberta_all
176,2021,"One of the things we’ve learned from our financial crisis and from a series of financial crises in history and around the globe is that, very commonly, when the economy takes a hit and falls into a recession, that productivity doesn’t pick up to pre-recession levels and that there looks like there is a permanent hit to the path of potential output for the economy, which is called “hysteresis.” And I raised the question as to whether or not this might operate in the opposite direction as well.",2,0,0.904927,0.041600,0.053473,0,944601,roberta_all
960,1999,"When the government runs deficits, it siphons off private savings (reducing national saving), leaving less available for capital investment.",0,0,0.742728,0.201965,0.055306,1,944601,roberta_all
13,1997,"A currency board and dollarization are tighter versions of a fixed exchange rate regime--that is, fixed exchange rate systems from which it is progressively more costly to exit.",2,2,0.043207,0.065866,0.890927,1,944601,roberta_all
419,2021,"In particular, a surprise tightening of policy raises the risk premium, lowering current stock prices, and a surprise easing lowers the risk premium, raising current stock prices.",2,1,0.073330,0.888610,0.038060,0,944601,roberta_all
894,2013,The persistence of underutilized resources was expected to foster some moderation in core price inflation.,2,0,0.848139,0.091717,0.060144,0,944601,roberta_all
868,2008,"The labor market improved in August, and the unemployment rate edged down to 5.",1,1,0.178723,0.451881,0.369396,1,944601,roberta_all
1019,2009,"When the Committee decides to begin to remove policy accommodation, it will take a balanced approach consistent with its longer-run goals of maximum employment and inflation of 2 percent. """,1,1,0.365209,0.575129,0.059662,1,944601,roberta_all
659,1997,"Participants' Views on Current Conditions and the Economic Outlook In conjunction with this FOMC meeting, all meeting participants--the five members of the Board of Governors and the presidents of the 12 Federal Reserve Banks--provided projections of output growth, the unemployment rate, and inflation for each year from 2011 through 2013 and over the longer run.",2,2,0.037202,0.025627,0.937171,1,944601,roberta_all
742,2005,The combination of a commitment to condition liftoff on the sustained achievement of our employment and inflation objectives with yield curve caps targeted at the same horizon has the potential to work well in many circumstances.,2,1,0.092301,0.866148,0.041551,0,944601,roberta_all
636,1998,"Participants continued to expect that, as the effects of transitory factors waned and labor market conditions strengthened further, inflation would stabilize around the Committee's 2 percent objective over the medium term.",2,2,0.235188,0.087903,0.676909,1,944601,roberta_all
288,2019,We want to see lower unemployment.,0,0,0.861607,0.091277,0.047116,1,944601,roberta_all
59,2000,"Although real growth was likely to be moderate in coming quarters, in his view it was unlikely to be slow enough to bring core inflation down.",1,1,0.178540,0.732150,0.089310,1,944601,roberta_all
402,2008,"Increase the System Open Market Account holdings of Treasury securities, agency mortgage-backed securities (MBS), and agency commercial mortgage-backed securities (CMBS) at least at the current pace to sustain smooth functioning of markets for these securities, thereby fostering effective transmission of monetary policy to broader financial conditions.",0,2,0.119681,0.310419,0.569900,0,944601,roberta_all
796,2001,"The Committee directs the Desk to purchase GSE debt, GSE-guaranteed MBS, and longer-term Treasury securities during the intermeeting period with the aim of providing support to private credit markets and economic activity.",0,0,0.762470,0.148348,0.089181,1,944601,roberta_all
685,2008,Readings on consumer price inflation had picked up somewhat mainly because of increases in oil and gasoline prices earlier in the year.,1,1,0.025828,0.934972,0.039200,1,944601,roberta_all
1041,2020,"With capacity utilization already at high levels, relatively rapid growth in inventory investment, if it were superimposed on stronger-than- projected expansion in final demand, could portend serious pressures on resources and inflationary consequences for the economy.",1,1,0.043431,0.931560,0.025009,1,944601,roberta_all
126,2021,"If we—if we analyze inflation data and conclude that, clearly, transitory influences are holding down inflation, I do not want to say that we would respond to that.",2,0,0.716436,0.066971,0.216593,0,944601,roberta_all
656,1997,Participants pointed to potential interactions between financial stresses and the housing market contraction as the primary source of continuing downside risks to growth.,0,0,0.910883,0.067686,0.021431,1,944601,roberta_all
116,2022,"At these low rates, the central bank is poorly positioned to respond to further negative demand shocks.",1,0,0.915952,0.051508,0.032540,0,944601,roberta_all
254,2006,"However, other participants noted that the continued subdued trend in wages was evidence of an absence of upward pressure on inflation from the current level of resource utilization.",0,0,0.900039,0.039316,0.060645,1,944601,roberta_all
693,2005,"Such second-round effects are likely to be quite limited as long as the rise in the relative price of energy does not lead to a rise in long-run inflation expectations, as has largely been the case in the recent period (figure 1).",1,1,0.028170,0.886300,0.085530,1,944601,roberta_all
75,2002,An easing of supply constraints was expected to support continued gains in economic activity and employment as well as a reduction in inflation.,2,0,0.450046,0.281177,0.268777,0,944601,roberta_all
78,2002,Another factor viewed as likely to exert a moderating effect on the growth of economic activity was the expectation of some slowing in inventory investment.,2,0,0.845645,0.074118,0.080237,0,944601,roberta_all
97,2017,"Core inflation, which excludes energy and food prices, has been running close to 1½ percent.",0,1,0.297223,0.662081,0.040695,0,944601,roberta_all
331,2005,"However, in my judgment, reliance on these two approaches is not symmetric; instead, the forecast-based approach has become increasingly dominant in the monetary policymaking of leading central banks.",2,2,0.042085,0.029381,0.928535,1,944601,roberta_all
188,2020,"So I, you know, I’m—I feel quite comfortable that we can—in particular, that we can raise interest rates at the appropriate time, even if the balance sheet remains large for an extended period.",1,1,0.031660,0.952524,0.015816,1,944601,roberta_all
217,2019,"Headline stock price indexes in the AFEs generally ended the period higher, whereas bank stocks in Europe declined.",2,2,0.050029,0.143443,0.806528,1,944601,roberta_all
92,2004,"As a result, deregulation, globalization, and innovation have made it easier for citizens to move their wealth out of nominal assets in their local currency and thereby avoid any inflation tax should their government show signs that it might resort to inflationary tactics to finance spending.6 At the same time, the publicâ€™s understanding of the costs of inflation has increased, in part because of experiences of high inflation in many countries in the 1980s.",2,1,0.036291,0.839192,0.124518,0,944601,roberta_all
996,2000,"Those few members who expressed a preference for easing at this meeting believed that, with unit labor costs and inflation expectations contained, enough evidence of further weakness already existed to warrant an immediate action.",0,0,0.776953,0.172349,0.050698,1,944601,roberta_all
408,2022,"Indeed, in the interest of fostering a continuation of sustainable growth of the economy, it would be desirable to tighten before any sign of actual higher inflation were to become evident.",1,1,0.020236,0.955482,0.024282,1,944601,roberta_all
266,1998,"However, the dollar partially retraced these increases following the much weaker-than-expected U. S. employment report for May, finishing the period a bit stronger against the currencies of the AFEs and about 3 percent higher against EME currencies.",0,0,0.571936,0.150472,0.277592,1,944601,roberta_all
217,2017,"During the 1980s and 1990s, the Federal Reserve succeeded in bringing inflation down from double-digit levels to the average rate of about 2 percent that has prevailed over the past decade.",0,1,0.298584,0.530513,0.170903,0,944601,roberta_all
492,2020,"It is generally thought that monetary policy takes many months to have most of its effect on the growth of output and employment, while, of course, it has an immediate impact on financial markets.",2,2,0.031036,0.035923,0.933041,1,944601,roberta_all
34,2022,"Accordingly, much stronger growth in such investment could occur, with concomitant effects on incomes and the growth of overall spending.",1,1,0.132469,0.694705,0.172826,1,944601,roberta_all
682,2017,"Some of the increase in sentiment and changes in asset prices could be tied to expectations of more expansive fiscal policy, another upside risk.",0,1,0.072148,0.906042,0.021810,0,944601,roberta_all
474,2017,"Many expected those conditions to be met later this year, although several members were concerned about downside risks to the outlook for real activity and inflation.",0,0,0.809363,0.089480,0.101157,1,944601,roberta_all
851,2003,"This direction of causality may obscure the negative relationship, running from higher inflation to lower growth, presumed to hold in the longer term.",1,0,0.367495,0.296782,0.335723,0,944601,roberta_all
966,2019,"While great uncertainty regarding the path of fiscal policy and its economic effects will remain for some time, with the economy getting closer to full employment, the prospect of a material increase in fiscal stimulus over a sustained period could reasonably be expected to shift somewhat greater probability toward stronger inflation outcomes.",1,1,0.298440,0.673762,0.027798,1,944601,roberta_all
734,2021,The benefits achieved through more-stable prices are substantial.,1,1,0.165291,0.517014,0.317695,1,944601,roberta_all
534,2003,"Moreover, if declines in house prices were to damp consumption, that could feed back on employment and income, exerting additional restraint on the demand for housing.",0,0,0.936485,0.042932,0.020583,1,944601,roberta_all
801,2017,The shifting balance of domestic demand and potential supply in each country means that policies affecting domestic demand will need to be re-calibrated to preserve price stability and keep economies operating at high levels of reserve utilization.,1,1,0.034256,0.807323,0.158421,1,944601,roberta_all
281,1997,"For example, the Stock-Watson indicator and other indicators based on interest rates and spreads signaled the 1990-91 recession very weakly and rather late.",2,2,0.145025,0.111632,0.743344,1,944601,roberta_all
226,2016,That means that we can run at low levels of unemployment and have a historically good—in some dimensions—labor market without having to worry about inflation.,2,0,0.423181,0.354825,0.221994,0,944601,roberta_all
367,2006,"If the public expects that inflation will remain low and stable over time, then, absent major shocks, it likely will.",2,0,0.520556,0.176537,0.302907,0,944601,roberta_all
304,2017,"When we reach maximum employment, when we reach a state where labor market conditions are at maximum employment in the Committee’s judgment, it’s very possible that the inflation test will already be met.",0,1,0.072310,0.890377,0.037313,0,944601,roberta_all
482,2002,Many participants commented that measures of short-term inflation expectations were elevated or that far-forward measures of inflation compensation were near the upper edge of their historical range.,1,1,0.020557,0.952513,0.026930,1,944601,roberta_all
99,2017,"Earlier in the year, as you will all recall, after careful study over a period of years, actually, the Committee announced the decision to implement monetary policy in an ample-reserves regime.",0,1,0.169073,0.782241,0.048686,0,944601,roberta_all
892,2013,"The pace of real GDP growth was forecast to be faster over the second half of this year than in the first half, primarily reflecting a modest increase in the rate of growth of private domestic final purchases and a sizable turnaround in inventory investment.",1,1,0.116527,0.829852,0.053620,1,944601,roberta_all
129,2003,"Because inflation expectations are now more firmly tied down, surges and declines in energy prices do not significantly affect core inflation and thus do not force a policy response to inflation to the extent they did three decades ago.",0,2,0.037536,0.059471,0.902993,0,944601,roberta_all
444,2021,"In the past, a reasonable goal might have been to maintain a zero deficit in our on-budget accounts--those accounts that exclude the Social Security and Medicare surplus--and to begin a serious discussion of reforms to Social Security and Medicare to bring them closer into actuarial balance.",2,2,0.219892,0.145835,0.634273,1,944601,roberta_all
190,2008,"Computing power may not be falling in price quite so rapidly now as in the late 1990s, but a dollar nevertheless buys a great deal more computational capacity today than it did even five years ago.",2,2,0.147886,0.098165,0.753949,1,944601,roberta_all
1050,2015,"With regard to the consensus in favor of moving from an assessment of risks weighted toward rising inflation to one that was weighted toward economic weakness, with no intermediate issuance of a balanced risks assessment, some members observed that such a change was likely to be viewed as a relatively rapid shift by some observers.",0,1,0.072273,0.830715,0.097012,0,944601,roberta_all
324,2007,"Household spending stepped up in mid-April, coinciding with the first disbursement of stimulus payments to households and a ramp-up in the payout of unemployment benefits, and showed the most pronounced increases in the states that received more benefits.9 With some of the fiscal support measures either provided as one-off payments or slated to come to an end in July, the strength of the recovery will depend importantly on the timing, magnitude, and distribution of additional fiscal support.",0,1,0.309927,0.644784,0.045289,0,944601,roberta_all
507,2004,"Just as in the earlier analysis of Ammer and Freeman, this analysis suggested that in all three countries the inflation targeting led to a drop in inflation and nominal interest rates.",0,2,0.424836,0.073311,0.501853,0,944601,roberta_all
861,2020,"This lack of congressional momentum could be interpreted as lack of congressional support for inflation targeting, or it could merely reflect a more neutral absence of strong opinions.",2,0,0.572871,0.332235,0.094894,0,944601,roberta_all
49,2006,"Although not without some serious shortcomings, the published productivity data provide little encouragement to the view that there has been a significant improvement in underlying productivity growth.",0,2,0.384964,0.128384,0.486652,0,944601,roberta_all
225,2016,That is a positive for growth.,2,0,0.433450,0.324710,0.241840,0,944601,roberta_all
394,2019,"In addition, the maximum sustainable levels of output and employment cannot be known with any assurance (Mishkin, 2007b).",2,2,0.107347,0.044771,0.847882,1,944601,roberta_all
309,2019,"You know, it’s interest rates, it’s risk spreads, it’s currency, it’s the stock market, it’s credit availability, it’s many, many factors.",2,2,0.036717,0.046324,0.916959,1,944601,roberta_all
2,2007,"""4 While this new framework represents a robust evolution in our monetary policy strategy, this strategy is in service to the dual-mandate goals of monetary policy assigned to the Federal Reserve by the Congressâ€”maximum employment and price stabilityâ€”which remain unchanged.5 Concluding Remarks While economic recovery since the spring collapse has been robust, let us not forget that full economic recovery from the COVID-19 recession has a long way to go.",0,2,0.352620,0.283114,0.364266,0,944601,roberta_all
304,1998,"Furthermore, policymakers hoped that additional tools at their disposal--so-called incomes policies enforced by “jawboning,” guideposts, and price and wage controls--were ready to combat and control any resulting upcreep in inflation with minimal macroeconomic cost.",1,1,0.017226,0.925138,0.057637,1,944601,roberta_all
95,2022,"As always, my colleagues on the FOMC and I will act to foster our dual objectives of price stability and sustainable economic growth.",1,1,0.115998,0.846650,0.037352,1,944601,roberta_all
853,2003,"This equation relates inflation to, among other factors, lagged inflation, resource utilization, and movements in the relative price of imports excluding energy, semiconductors, and computers.",2,2,0.034165,0.039020,0.926815,1,944601,roberta_all
360,2009,"In the household sector, the rise in home mortgage debt likely slowed a bit further in the first quarter, as home-price appreciation appeared to have remained sluggish.",2,1,0.436541,0.447902,0.115558,0,944601,roberta_all
30,2020,And productivity’s been very low.,1,0,0.908838,0.046726,0.044436,0,944601,roberta_all
562,2005,Mr. Broaddus dissented because he continued to believe that a modest tightening of policy would be prudent in light of the apparent persisting strength in aggregate demand for goods and services.,1,1,0.034868,0.942933,0.022200,1,944601,roberta_all
434,2022,"In the 1988-90 period, the behavior of crude oil prices, unemployment, and the exchange rate were not especially surprising or anomalous.",2,2,0.038045,0.029829,0.932126,1,944601,roberta_all
274,2004,"For example, for 2003 as a whole, growth in both the monetary base and M2 should be about equal to growth in nominal GDP.",0,2,0.084416,0.071585,0.843999,0,944601,roberta_all
384,2021,"In a virtuous circle, stable inflation expectations help the central bank to keep inflation low even as it retains substantial freedom to respond to disturbances to the broader economy.",1,1,0.103996,0.717425,0.178579,1,944601,roberta_all
125,2000,"Business contacts in a number of Districts noted an improvement in housing activity and a continued rise in house prices, although their reports showed that the pace of sales and construction varied across regions.",1,1,0.032013,0.700838,0.267149,1,944601,roberta_all
69,2017,"At the time of our FOMC meeting in January, prospects for continued economic growth remained favorable, and we judged that monetary policy was well positioned to support that outlook.",0,1,0.161230,0.794514,0.044255,0,944601,roberta_all
115,2015,"I mean, we—the—again, the relationship between slack in the economy and inflation is weak, has been weak.",2,0,0.930958,0.045029,0.024013,0,944601,roberta_all
329,2005,"However, given the good pace of economic expansion since then, it would stretch credulity to believe that capacity growth has accelerated at a sufficient pace to produce a large degree of slack at this moment.",1,1,0.371402,0.568779,0.059819,1,944601,roberta_all
209,2016,"Future policy adjustments would depend on the evolution of the outlook for both inflation and economic growth, as implied by incoming information.",2,2,0.039685,0.038392,0.921923,1,944601,roberta_all
809,2021,"The technical measures we are undertaking do not represent a change in the stance of monetary policy, which we continue to implement by adjusting the target range for the federal funds rate.",2,2,0.037599,0.034370,0.928032,1,944601,roberta_all
260,1996,"Flexible inflation averaging could bring some of the benefits of a formal average inflation targeting rule, but it would be simpler to communicate.",2,2,0.046941,0.056320,0.896739,1,944601,roberta_all
287,2019,"We understand that inflation dynamics evolve constantly over time, but they don’t change rapidly.",2,2,0.039334,0.080685,0.879980,1,944601,roberta_all
283,2006,"In Japan, private consumption rebounded strongly, and private investment and net exports continued to boost growth.",2,2,0.152154,0.406866,0.440980,1,944601,roberta_all
370,2019,"If we adjust the 6.7 percent headline unemployment rate for the decline in participation since February and the Bureau of Labor Statistics estimate of misclassification, the unemployment rate would be 10 percent, similar to the peak following the Global Financial Crisis.",1,0,0.852555,0.070703,0.076742,0,944601,roberta_all
49,2001,"Although growth in output and employment slowed during the first quarter, the Committee continues to expect that, with appropriate policy accommodation, economic activity will expand at a moderate pace, with labor market indicators continuing to move toward levels the Committee judges consistent with its dual mandate.",0,0,0.609073,0.319646,0.071281,1,944601,roberta_all
984,2022,"With the economic outlook held constant, changes in the net demand for long-term securities have their largest effect on the term premium.",2,2,0.033664,0.070995,0.895341,1,944601,roberta_all
157,2020,It’s where we always want inflation to be heading.,2,2,0.155788,0.364451,0.479761,1,944601,roberta_all
448,2020,"In the textbook world of Mundell-Fleming, unanticipated monetary ease leads to lower interest rates, a drop in the home currency's value, and a stimulus to net exports.",0,0,0.825080,0.079592,0.095329,1,944601,roberta_all
808,1998,The Committee would be prepared to adjust the stance of monetary policy as appropriate if risks emerge that could impede the attainment of the Committee's goals.,2,0,0.483519,0.287898,0.228583,0,944601,roberta_all
531,2017,Microeconomic studies provide corroborating information to the macroeconomic evidence of a post-1995 acceleration in productivity growth.,0,2,0.232492,0.185644,0.581865,0,944601,roberta_all
550,2021,"Most Committee members, while acknowledging the deficiencies of structural models, viewed them as useful in their efforts to understand how the inflation process was changing and also as input to inflation forecasts.",2,2,0.032546,0.028410,0.939044,1,944601,roberta_all
507,1998,Members agreed to continue to monitor inflation developments closely.,2,2,0.033839,0.156785,0.809376,1,944601,roberta_all
797,2020,"The second is intermediate-term need for reserve expansion and contraction, arising, for example, from seasonal changes in the demand for currency and reserves.",2,2,0.039862,0.064743,0.895395,1,944601,roberta_all
363,2006,"If so, GDP growth this calendar year could be the fastest since 1983.",1,1,0.087051,0.851770,0.061179,1,944601,roberta_all
44,2007,"Alternatively, monetary policy could convert the temporary disinflationary effect into a permanent one.",1,1,0.388174,0.433123,0.178703,1,944601,roberta_all
103,2022,"As technical change increases demand for skilled relative to unskilled labor, the unskilled workers must acquire new skills, find new jobs at lower relative wages, or become unemployed.",0,0,0.456316,0.094842,0.448842,1,944601,roberta_all
854,2021,"The faster pace of real GDP growth was expected to be supported by an easing in the restraint from changes in fiscal policy, increases in consumer and business confidence, further improvements in credit availability and financial conditions, and a pickup in the rate of foreign economic growth.",1,1,0.132861,0.776406,0.090732,1,944601,roberta_all
212,2019,"So you have seen a shift this time in most participants’ assessments of the appropriate path for policy, and, as I tried to indicate, I think that largely reflects a somewhat slower projected path for global growth—for growth in the global economy outside the United States—and for some tightening in credit conditions in the form of an increase in spreads.",0,1,0.477961,0.493250,0.028789,0,944601,roberta_all
513,2009,Members commented that the continued strong increases in energy and other commodity prices would prompt a difficult adjustment process involving both lower growth and higher rates of inflation in the near term.,2,1,0.025483,0.953225,0.021292,0,944601,roberta_all
223,2014,"So, you know, I can’t—all I can tell you is, we’ll be looking at weak global growth.",0,0,0.944186,0.032384,0.023429,1,944601,roberta_all
41,2007,"After the stock-market decline that began in March 2000, new capital investment and thus the demand for financing waned around the world.",1,0,0.829208,0.054619,0.116173,0,944601,roberta_all
300,2017,"What I’m telling you is that the stance of monetary policy we have today, we believe, is appropriate.",2,2,0.111985,0.117638,0.770377,1,944601,roberta_all
420,2004,Industrial production picked up in response to the advance in final demand and a slowdown in the runoff of excess inventory stocks.,2,1,0.115620,0.554762,0.329618,0,944601,roberta_all
70,2017,Although the unemployment rate edged up to 5.,0,0,0.759293,0.157540,0.083167,1,944601,roberta_all
372,2014,"In their comments about the external sector of the economy, members referred to indications of strengthening economic activity abroad that in conjunction with a weaker dollar was fostering some improvement in exports.",2,2,0.084891,0.087037,0.828072,1,944601,roberta_all
988,2015,"This assessment will take into account a wide range of information, including measures of labor market conditions, indicators of inflation pressures and inflation expectations, and readings on financial and international developments.",2,2,0.038984,0.026762,0.934254,1,944601,roberta_all
515,1997,"Members generally agreed that, in light of some weaker-than-expected readings on measures of labor market conditions and in the absence of greater confidence about the inflation outlook, it would be prudent to wait for additional information bearing on the medium-term outlook before initiating the process of policy normalization.",2,0,0.878758,0.032754,0.088489,0,944601,roberta_all
774,2004,"The implication is that trend productivity and, ultimately, potential growth are lower than expected.",0,0,0.892642,0.053083,0.054275,1,944601,roberta_all
438,2000,"In the absence of such a forward-looking response of long-term rates, short-term interest rates may have to move by more to achieve the same near-term impact on long-term interest rates and economic activity.",2,2,0.046522,0.059740,0.893739,1,944601,roberta_all
163,2000,Core measures of price inflation had moved up over recent quarters and particularly so over the last few months.,1,1,0.020973,0.946677,0.032350,1,944601,roberta_all
46,2001,"Also, in the view of a number of participants, the economy was possibly producing in the neighborhood of its potential, and the persistent strength in spending of late suggested that resource markets could tighten further and inflation pressures build.",1,1,0.057162,0.922392,0.020446,1,944601,roberta_all
286,2004,"For inflation, we can use the 12-month change in core PCE prices, a measure of the current underlying rate of inflation.",2,2,0.033748,0.079719,0.886533,1,944601,roberta_all
108,2004,"As you may know, the interest rate that we target is the federal funds rate, the rate banks charge each other for overnight loans.",2,2,0.047861,0.053529,0.898610,1,944601,roberta_all
766,2001,Staff Economic Outlook The projection for U. S. economic activity prepared by the staff for the April–May FOMC meeting was revised up on net.,1,2,0.045337,0.071140,0.883524,0,944601,roberta_all
993,2004,"This policy preference was based on expectations of growth in business activity at a pace averaging in the vicinity of the economy's potential, a perception among the members that the risks to such an outlook were more balanced than earlier, and anticipations that under these circumstances inflation would remain constrained.",2,0,0.599655,0.299896,0.100449,0,944601,roberta_all
159,1998,"But overly optimistic expectations for long-run earnings growth were not being driven by easy money, and I see no reason to believe that an extra 50 or even 100 basis points on the funds rate would have had much of a damping effect on investor beliefs in the potential profitability of emerging technologies.",1,2,0.152026,0.268453,0.579521,0,944601,roberta_all
437,2021,"It was possible, though, that investors' uncertainty regarding inflation prospects, not just inflation expectations themselves, had risen.",1,1,0.149821,0.764712,0.085467,1,944601,roberta_all
412,1999,"In my comments today, I will focus on the Fed's efforts to promote our maximum employment and price stability goals amid this upheaval, and suggest how lessons from history and a careful focus on incoming data and the evolving risks offer useful guidance for today's unique monetary policy challenges.",2,2,0.200785,0.161569,0.637646,1,944601,roberta_all
268,2004,"For example, Ang, Piazzesi, and Wei (2003) have used modern financial theory to construct a model of the Treasury yield curve that closely links the behavior of real GDP and a few key interest rates.",2,2,0.033804,0.030186,0.936010,1,944601,roberta_all
852,2021,The external sector was projected to continue to support domestic economic activity throughout the forecast period.,2,2,0.134934,0.078999,0.786066,1,944601,roberta_all
148,2018,"It is not a Taylor rule but it has the same feature that it relates policy to observables in the economy, such as unemployment and inflation.",2,2,0.034393,0.030102,0.935504,1,944601,roberta_all
73,2011,But I want to emphasize that we do have a commitment to raising inflation to 2 percent.,0,1,0.185822,0.785546,0.028632,0,944601,roberta_all
593,2002,"Of course, many other factors also influence inflation, and some of these provide other possible explanations for the recent changes in inflation dynamics.",2,2,0.037689,0.052095,0.910216,1,944601,roberta_all
361,2009,"In the household sector, the rise in home mortgage debt likely slowed a bit further in the first quarter, as home-price appreciation appeared to have remained sluggish.",2,1,0.436541,0.447901,0.115557,0,944601,roberta_all
40,2017,"And then, what the statement emphasizes, and this is the same language we used in December and January, we used the language especially if inflation is running below our 2 percent objective.",0,0,0.939360,0.047496,0.013144,1,944601,roberta_all
577,2019,"Nonetheless, participants generally saw the unemployment rate as still elevated and were not yet confident that the recent progress toward the Committee's employment objective would be sustained.",0,0,0.886170,0.083603,0.030228,1,944601,roberta_all
466,2008,"M2 and M3 have posted very large gains in recent months, reflecting the effects of recent System easing actions on market interest rates and shifts of funds by households out of investments in equities and lower-rated corporate debt.",0,2,0.196032,0.334383,0.469585,0,944601,roberta_all
556,2006,"Moreover, the variance of GDP growth markedly lessened as inflation tumbled from its double-digit high in the early 1980s.",2,0,0.425207,0.285837,0.288957,0,944601,roberta_all
473,2021,"Indeed, the discrepancy between actual and predicted money growth was sufficiently large that the P* model, if not subjected to judgmental adjustments, would have predicted deflation for 1991 and 1992.",2,2,0.239155,0.297161,0.463684,1,944601,roberta_all
317,2017,"In furtherance of these objectives, the Committee at this meeting established ranges for growth of M2 and M3 of 1 to 5 percent and 2 to 6 percent respectively, measured from the fourth quarter of 1998 to the fourth quarter of 1999.",2,2,0.067751,0.043959,0.888290,1,944601,roberta_all
946,2003,We take the level of the stock market into account when we consider the economic outlook and monetary policy.,2,2,0.034189,0.026238,0.939573,1,944601,roberta_all
243,2005,"Financial markets are the channel through which our policy affects the economy, and asset prices contain valuable information about investors' expectations for the course of policy, economic activity, and inflation, as well as about the risks around those expectations.",2,2,0.029303,0.027859,0.942837,1,944601,roberta_all
212,2010,"Given the substantial uncertainty still attached to projections of money growth consistent with the Committee's basic objectives for monetary policy, the members agreed that there was no firm basis for changing the tentative ranges set in July 1996.",2,2,0.049364,0.029037,0.921599,1,944601,roberta_all
680,2005,"Projections of the rate of inflation, as measured by the consumer price index, had a central tendency of 1-3/4 to 2-1/4 percent, on the high side of the outcome for 1997 when the rise in the index was held down by damped increases in food prices and declines in energy prices.",2,2,0.049560,0.268068,0.682373,1,944601,roberta_all
104,1999,"At the conclusion of this discussion, the Committee voted to authorize and direct the Federal Reserve Bank of New York, until it was instructed otherwise, to execute transactions in the System Account in accordance with the following domestic policy directive: The information reviewed at this meeting suggests that the expansion in economic activity is still robust.",2,1,0.062528,0.851041,0.086431,0,944601,roberta_all
927,2005,"Very low inflation and deflation pose qualitatively similar economic problems, though the magnitude of the associated costs can be expected to increase sharply as deflationary pressures intensify.",0,0,0.923800,0.050472,0.025728,1,944601,roberta_all
884,2003,"Thus, avoiding a further substantial fall in inflation should be a priority of monetary policy.",0,0,0.759582,0.199928,0.040491,1,944601,roberta_all
955,2001,"The vote encompassed approval of the paragraph below for inclusion in the statement to be released shortly after the meeting: ""The Committee judges that some further policy firming may yet be needed to address inflation risks but emphasizes that the extent and timing of any such firming will depend importantly on the evolution of the economic outlook as implied by incoming information.",1,1,0.106417,0.661375,0.232208,1,944601,roberta_all
51,2015,"And, and that’s why we have adopted the flexible average inflation-targeting framework.",0,1,0.135344,0.678007,0.186650,0,944601,roberta_all
178,2021,"Our mandate, sorry, is price inflation.",1,1,0.124736,0.455460,0.419804,1,944601,roberta_all
131,2022,"In addition, the median estimate of the longer-run normal unemployment rate moved down a tenth to 4.6 percent.",1,0,0.661929,0.213057,0.125014,0,944601,roberta_all
152,2012,Consumer price inflation was being held down by weaker demand and significantly lower oil prices.,0,0,0.921198,0.036397,0.042406,1,944601,roberta_all
506,2004,"Jorgenson, Ho, and Stiroh use a similar methodology and find a range from a little less than 1-1/2 percent to about 3 percent with a central tendency of around 2-1/4 percent.5 These estimates are clearly plausible, but history does raise some warning flags concerning the length of time that productivity growth continues elevated.",0,2,0.141705,0.378519,0.479776,0,944601,roberta_all
438,2021,"It was suggested that the weakening expansion of expenditures in these capital goods might reflect a surfeit in capacity following a period of extraordinary growth in many industries--for example, those related to fiber optics.",2,2,0.397181,0.130624,0.472195,1,944601,roberta_all
150,2012,Consumer price inflation had remained relatively subdued over the summer months.,0,0,0.783500,0.081646,0.134854,1,944601,roberta_all
32,2004,Accelerating productivity poses a significant complication for economic forecasting.,0,2,0.147022,0.084588,0.768391,0,944601,roberta_all
129,2000,"But the members generally were concerned that inflation might begin to rise over the intermediate term, especially if labor markets tightened further.",1,1,0.018520,0.961380,0.020100,1,944601,roberta_all
1040,2020,"With appropriate firming in the stance of monetary policy, participants expected inflation to return to the Committee's 2 percent objective over time and the labor market to remain strong.",1,0,0.520756,0.334582,0.144662,0,944601,roberta_all
864,2000,The increase over the last few months in five-year measures of inflation compensation derived from Treasury nominal and inflation-indexed securities might be a warning sign that expectations were not as well anchored as they had been over the summer.,1,1,0.030829,0.934853,0.034318,1,944601,roberta_all
277,2015,"If the outlook for the labor market does not improve substantially, the Committee will continue its purchases of Treasury and agency mortgage-backed securities, and employ its other policy tools as appropriate, until such improvement is achieved in a context of price stability.",0,0,0.900828,0.068087,0.031085,1,944601,roberta_all
1038,2006,"While these developments were positive, participants noted several factors that likely would continue to restrain the expansion in economic activity.",0,0,0.689856,0.148704,0.161440,1,944601,roberta_all
467,2005,"Indeed, over the past century, by far the smallest part of the growth in America's real gross domestic product reflects increased physical product measured in bulk or weight.",2,2,0.190135,0.281140,0.528725,1,944601,roberta_all
867,2006,"This outcome would be entirely consistent with the new framework we adopted in August 2020 and began to implement at our September 2020 FOMC meeting.3 In our new framework, we aim for inflation outcomes that keep inflation expectations well anchored at 2 percent.",1,1,0.112117,0.756006,0.131877,1,944601,roberta_all
896,2021,"To do this will demand not only greater specialized knowledge, but also an ability to deal with risk and uncertainty.",2,2,0.061642,0.052426,0.885932,1,944601,roberta_all
214,2019,"So you’re right, you’re seeing—I, I can’t remember the number, but it might be in the 3s—3, 3½ percent growth for next year.",2,1,0.319184,0.593775,0.087041,0,944601,roberta_all
924,1998,"The staff expected the 12-month change in PCE prices to gradually move down in coming months, reflecting, importantly, the fading of base effects along with smaller expected monthly price increases, but PCE price inflation was forecast to still be well above 2 percent at the end of this year.",2,1,0.092874,0.472417,0.434708,0,944601,roberta_all
96,2017,"By the way, we’re also not at maximum employment, as I mentioned.",0,0,0.927178,0.053153,0.019669,1,944601,roberta_all
100,2021,"Everyone, particularly people on fixed incomes, and at the lower part of the income distribution are better off with stable prices.",2,2,0.287772,0.173430,0.538798,1,944601,roberta_all
1042,2020,"With crude oil prices expected to gradually decline from their current levels, the boost to retail food prices from the drought anticipated to be only temporary and comparatively small, long-run inflation expectations assumed to remain stable, and substantial resource slack persisting over the projection period, the staff continued to forecast that inflation would be subdued through 2014.",2,0,0.862086,0.042147,0.095767,0,944601,roberta_all
720,2007,The Federal Reserve and ECB Framework Reviews The monetary policy framework reviews conducted by the Federal Reserve and the ECB provide another example of monetary policy correlation.,2,2,0.027713,0.027384,0.944903,1,944601,roberta_all
12,1997,"A considerable literature suggests that successful monetary policies should stabilize, or ""anchor,"" inflation expectations so as to prevent them from becoming a source of instability in their own right (Goodfriend, 1993; Evans and Honkapohja, 2003).",1,1,0.052504,0.728677,0.218819,1,944601,roberta_all
585,2005,"November 19, 2021 Perspectives on Global Monetary Policy Coordination, Cooperation, and Correlation Vice Chair Richard H. Clarida At the ""Macroeconomic Policy and Global Economic Recovery"" 2021 Asia Economic Policy Conference, sponsored by the Federal Reserve Bank of San Francisco Center for Pacific Basin Studies, San Francisco, California (via webcast) Share Watch Live In my remarks today, I would like to offer some perspectives on global monetary policy correlation and what it canâ€”and cannotâ€”reveal about the prevalence and value of global monetary policy coordination or, in the limit, binding global monetary cooperation.1 In both the Global Financial Crisis (GFC) and the Global Pandemic Collapse (GPC), major central banks around the world responded by cutting policy rates to, and then keeping them at, their effective lower bounds (ELBs); by increasing their balance sheets through ambitious and expansive large-scale asset purchase and lending programs; and by offering forward guidanceâ€”both Delphic and Odysseanâ€”on the stance of their future monetary policies.2 As these examples make clear, we certainly do observe that national monetary policies are often correlated, and such examples are not confined to recent experience.",0,2,0.141516,0.176269,0.682215,0,944601,roberta_all
35,2022,"And that, I think, does raise, raise the risk that high inflation will be more persistent.",1,1,0.027295,0.948798,0.023907,1,944601,roberta_all
297,2008,"From a low near $30 per barrel in late 2003, the price of oil rose to $70 per barrel by the middle of 2006, and it has stayed high, with the current price more than $80.",1,1,0.076190,0.751153,0.172657,1,944601,roberta_all
580,2003,"Not surprisingly, the projected path of above-trend GDP growth in 2021 and 2022 translates into rapid declines in the projected path for the unemployment rate, which is projected to fall to 3.8 percent by the end of 2022 and 3.5 percent by the end of 2023.",1,1,0.324583,0.598504,0.076913,1,944601,roberta_all
664,2006,"Second, the correction in equity prices points to a downward revision to consumer spending and to business fixed investment and residential construction as well.",0,0,0.895841,0.047276,0.056883,1,944601,roberta_all
58,2000,"Although readings on core inflation had improved modestly since the spring, nearly all participants viewed core inflation as uncomfortably high and stressed the importance of further moderation.",1,1,0.022640,0.947636,0.029724,1,944601,roberta_all
320,2021,Higher productivity growth has apparently increased aggregate demand through at least three channels.,1,0,0.378314,0.342759,0.278927,0,944601,roberta_all
247,2014,"However, in the view of most members, the outlook for both economic activity and price pressures remained very uncertain, and thus the timing and magnitude of future policy actions was quite unclear.",2,2,0.141421,0.052010,0.806570,1,944601,roberta_all
571,2014,"Nevertheless, the staff continued to forecast that real GDP growth would pick up only gradually in 2012 and 2013, supported by accommodative monetary policy, easing credit conditions, and improvements in consumer and business sentiment.",0,0,0.928029,0.038899,0.033072,1,944601,roberta_all
572,2021,"Net exports subtracted more than 1/2 percentage point from GDP growth in both 2014 and 2015, while falling non-oil import prices likely subtracted 1/4 percentage point from the annual rate of core inflation.10 Finally, the trajectory of federal government debt relative to GDP and views regarding the debt's sustainability can also influence the effects of fiscal policy.",0,2,0.405700,0.110150,0.484150,0,944601,roberta_all
595,2005,"On balance over the intermeeting period, interest rates on private instruments registered small mixed changes while yields on longer-term Treasury securities declined significantly.",0,2,0.121839,0.093126,0.785036,0,944601,roberta_all
972,2007,"These policy moves would therefore prevent the far greater economic pain associated with entrenched high inflation, including the even tighter policy and more severe restraint on economic activity that would then be needed to restore price stability.",1,1,0.028425,0.948282,0.023293,1,944601,roberta_all
41,2017,"And those don’t—those, frankly, don’t carry significant implications in the long run for the—for inflation or for the American economy.",2,2,0.124389,0.052314,0.823297,1,944601,roberta_all
8,2019,"A discernable upcreep was apparent in survey measures of short- and, to a limited extent, long-term inflation expectations over recent months.",1,1,0.027519,0.926967,0.045513,1,944601,roberta_all
275,2015,"However, with tightening resource constraints indicating unsustainable growth, only tentative signs that growth might be slowing, and various factors that had been damping prices now turning around, all the members agreed on the need for a slight tightening at this meeting to raise the odds on containing inflation and forestalling the inflationary imbalances that would undercut the very favorable performance of the economy.",1,1,0.025544,0.957175,0.017281,1,944601,roberta_all
215,2017,"During most of the recent episode, monetary policy broadly followed the Taylor Rule prescription, while holding the nominal federal funds rate about unchanged.",2,2,0.138311,0.126288,0.735401,1,944601,roberta_all
598,2017,"On average, over the period from November 2020 to January 2021, the fraction of prime-age women with children aged 6 to 17 who were out of the labor force for caregiving had increased by 2.4 percentage points from a year earlier, while for men the fraction had increased by about 0.6 percentage point.5 If not soon reversed, the decline in the participation rate for primeâ€‘age women could have scarring effects, with longer-term implications for household incomes and potential growth.6 Roughly 90 percent of the shortfall in private payroll employment relative to the pre-COVID level is concentrated in service-providing industries, with half of these service job losses in leisure and hospitality.",0,0,0.830808,0.083670,0.085522,1,944601,roberta_all
376,2022,"In 1951, the Treasury-Federal Reserve Accord freed the Fed from the obligation to support Treasury bond prices.",2,2,0.069331,0.070584,0.860085,1,944601,roberta_all
768,1997,"The growth of subprime mortgage lending is one indication of the extent to which access to credit has increased for all households, including those with lower incomes.",2,1,0.298943,0.614152,0.086905,0,944601,roberta_all
139,2000,"But I continue to believe that the underlying rate inflation in the U.S. economy is hovering close to our 2 percent longer-run objective and, thus, that the unwelcome surge in inflation this year, once these relative price adjustments are complete and bottlenecks have unclogged, will in the end prove to be largely transitory.",2,1,0.033477,0.906107,0.060416,0,944601,roberta_all
489,2020,It can be argued that this meant getting the economy back to its 2019 state with very low unemployment and inflation near 2 percent.,2,0,0.467781,0.355716,0.176503,0,944601,roberta_all
533,2003,"Moreover, economic theory indicates that the equilibrium level of short-term real interest rates would likely remain low relative to estimates of its level before the financial crisis if trend growth of total factor productivity does not pick up and if demographic projections for slow growth in working-age populations are borne out.",0,0,0.908913,0.038998,0.052089,1,944601,roberta_all
36,2022,And that’s because of this misalignment between supply and demand.,2,2,0.149969,0.114295,0.735737,1,944601,roberta_all
939,2021,We might look to the historical experience with oil price shocks in the 1970sâ€”not a happy story.,2,2,0.089771,0.426286,0.483944,1,944601,roberta_all
210,2019,"So we view maximum employment as the maximum sustainable level of employment, meaning it’s not so much that it will cause the economy to overheat.",2,1,0.467507,0.483249,0.049244,0,944601,roberta_all
991,1999,"Yet as research has repeatedly demonstrated, these sorts of fundamentals only explain a small part of the variation in the prices of assets such as equities, long-term Treasury securities, and corporate bonds.",2,2,0.036900,0.024626,0.938474,1,944601,roberta_all
23,2004,"A particular phenomenon that touches on all these issues is the movement of asset prices, especially the prices of equities and residential real estate.",2,2,0.027908,0.025303,0.946789,1,944601,roberta_all
432,2020,"Investor perceptions of a somewhat less accommodative tone of Federal Reserve communications, as well as the softer-than-expected reading for the April CPI, likely contributed to the decline in inflation compensation.",0,0,0.946954,0.034778,0.018268,1,944601,roberta_all
149,2006,"Consumer price inflation continued to run below the Committee's longer-run objective of 2 percent, restrained in part by earlier decreases in energy prices and in prices of non-energy imports.",0,0,0.928404,0.040408,0.031189,1,944601,roberta_all
211,2010,"Given the pressure of a considerable amount of unused resources, any adverse developments that held down economic expansion would increase the probability of further disinflation.",0,0,0.863753,0.114820,0.021427,1,944601,roberta_all
959,1999,"When long-term rates rise in response to a cyclical strengthening, it reflects, in large part, the expectation of higher short-term interest rates.",2,1,0.029383,0.951255,0.019362,0,944601,roberta_all
936,2003,"We include these types of price terms today in our forecasting equations, and they are important to forming our views of the inflation outlook and thus to the policy process.",2,2,0.024997,0.028661,0.946341,1,944601,roberta_all
46,2022,"And we’ve talked about the effects on asset prices, but we have continued to analyze the effects of changes in interest rates, for example, on decisions like investment or car purchases.",2,2,0.026485,0.041995,0.931520,1,944601,roberta_all
294,2020,"Well, we—as a Committee, we do not desire inflation undershoots.",0,1,0.332189,0.564610,0.103201,0,944601,roberta_all
84,2020,"But that has not—what, what happens is that when wages move up because unemployment is low, companies have been absorbing that increase into their margins rather than raising prices.",2,1,0.047544,0.915810,0.036647,0,944601,roberta_all
154,2012,"Consumer prices had edged up in recent months, but year-over-year consumer inflation remained at a very low level.",0,0,0.765688,0.121973,0.112339,1,944601,roberta_all
981,1996,"They noted that economic activity and employment had continued to recover but remained well below their levels at the beginning of the year, and that weaker demand and earlier declines in oil prices had been holding down consumer price inflation.",0,0,0.934935,0.036369,0.028696,1,944601,roberta_all
659,2020,"Required down payments, usually about half of the home's purchase price, excluded many households from the market.",2,2,0.366866,0.110174,0.522960,1,944601,roberta_all
1067,2013,"Yields on nominal Treasury coupon securities declined over the intermeeting period while yields on inflation-indexed Treasury securities were roughly unchanged, which left inflation compensation noticeably lower.",0,0,0.862561,0.064863,0.072575,1,944601,roberta_all
549,2002,"More specifically, we observed financial-market developments over the period beginning fifteen minutes before and ending forty-five minutes after each policy decision became known to the public.4 The advantage of restricting the analysis to a short period spanning the Committee's decision is that the changes in yields or asset prices occurring within that narrow window are more likely to reflect the impact of the decision, as opposed to the arrival of other information about the economy.",2,2,0.029722,0.027463,0.942815,1,944601,roberta_all
230,1996,"Housing demand remained strong, but business fixed investment was still in the doldrums and consumer spending had flagged in late summer before apparently picking up somewhat in the autumn.",2,1,0.237850,0.518368,0.243781,0,944601,roberta_all
625,2007,"Palmer was a professor at Wharton, a fellow of the American Statistical Association, a worldwide expert on manpower and labor mobility, and a consultant with the Office of Statistical Standards.5 She argued that ""a single figure of unemployment, regardless of how it is defined or derived, is inadequate as a basis for selection among [policy] programs.",2,2,0.061157,0.032724,0.906119,1,944601,roberta_all
75,2006,"And, of course, despite the improvements seen in the May jobs report, the unemployment rate, at 13.3 percent, remains historically high.",0,0,0.850128,0.107988,0.041884,1,944601,roberta_all
535,2019,"Moreover, if, as some members thought likely, productivity growth slowed as employment picked up, the result could be reductions in slack accompanied by higher unit labor costs and associated pressures on prices.",1,1,0.131359,0.794710,0.073931,1,944601,roberta_all
51,2005,"Although inflation remained remarkably subdued and any increase in inflationary pressures likely would tend to emerge only slowly, the strength in demand had developed against the backdrop of financial conditions that, broadly considered, were not substantially different from those now prevailing.",0,1,0.133399,0.752213,0.114388,0,944601,roberta_all
911,2019,"Today, the Federal Reserve's duties fall into four general areas--some that would have been familiar to the central bankers in the Fed's early years and some that would have been unfamiliar: maintaining the stability of the financial system and containing systemic risk that may arise in financial markets supervising and regulating banking organizations to ensure the safety and soundness of the nation's banking and financial system and to protect consumers from harm in their use of credit and banking services playing a major role in operating and overseeing the nation's payment system, including providing certain financial services to financial institutions, the U.S. government, and foreign official institutions conducting monetary policy in pursuit of stable prices and maximum sustainable employment We have an all-too-recent example of the Fed as a source of financial stability in its response to the financial aftermath of the terrorist attacks of September 11, 2001, which occurred just before I joined the Board in December 2001.",2,2,0.060550,0.169623,0.769827,1,944601,roberta_all
162,1997,"But strong demand and a very tight labor market have also contributed to inflation pressures, and the FOMC can help alleviate those pressures by removing the extraordinary monetary policy accommodation that is no longer needed.",1,1,0.044259,0.936906,0.018835,1,944601,roberta_all
1048,1999,"With inventories lower, firms were beginning to raise production to meet at least a portion of increased demand, and this adjustment was expected to make an important contribution to economic recovery in the fourth quarter of the year and, to a lesser extent, in 2010 as well.",2,0,0.794436,0.156986,0.048579,0,944601,roberta_all
138,2007,Communications about monetary policy over the intermeeting period generally had little effect on Treasury yields or the expected path of the federal funds rate.,2,2,0.035216,0.027990,0.936794,1,944601,roberta_all
227,2020,"Housing activity showed signs of dropping off from peak levels during the latter part of the summer, but the decline in mortgage rates this fall produced an upturn in several indicators of demand for single-family housing, including a rebound in a survey index of homebuying conditions.",2,2,0.229605,0.318544,0.451851,1,944601,roberta_all
234,1996,"However, a few other participants pointed to the record of inflation consistently running below the Committee's 2 percent objective over recent years and expressed the concern that longer-run inflation expectations may have slipped below levels consistent with that objective.",0,0,0.939240,0.038417,0.022343,1,944601,roberta_all
641,2008,Participants expected that fiscal policy would continue to be a drag on economic growth over coming quarters.,0,0,0.873372,0.099720,0.026909,1,944601,roberta_all
1054,2015,"With regard to the outlook for inflation, members referred to widespread indications of increasingly tight labor markets and to statistical and anecdotal reports of faster increases in labor compensation.",1,1,0.017781,0.956120,0.026099,1,944601,roberta_all
758,2013,"The events of the last two years come on top of a huge expansion of global trade, competition and productive capacity--all of which have given American businesses less control over prices in the face of rising costs and benefited American consumers through low prices.",2,1,0.205433,0.742387,0.052180,0,944601,roberta_all
387,2021,"In addition to u* and r*, an important input into any monetary policy assessment is the state of inflation expectations.",2,2,0.029373,0.042018,0.928609,1,944601,roberta_all
961,2020,These arguments imply that slack in labor markets remains considerable and therefore that a reduction in the unemployment rate toward its longer-run normal level would not have much effect on inflation.,0,0,0.844007,0.065195,0.090798,1,944601,roberta_all
176,2016,"Discussion of Communications Regarding Economic Projections As a follow-up to the FOMC's discussion in October about providing more information on the Committee's collective judgment regarding the economic outlook and appropriate monetary policy, the staff presented several options for enhancing the Summary of Economic Projections (SEP).",2,2,0.041358,0.032630,0.926012,1,944601,roberta_all
881,2007,"Through our business contacts, we continue to hear stories about bottlenecks at almost every stage of production and distributionâ€”for example, plants that shut down because of a shortage of one or more crucial inputs; a poor cotton crop in the United States due to weather, which is driving up prices; and clogged ports and trucker shortages.",1,1,0.435972,0.449200,0.114828,1,944601,roberta_all
304,2018,"In contrast, a few participants cautioned that, despite increases in market-based measures of inflation compensation in recent months and the stabilization of some survey measures of inflation expectations, the levels of these indicators remained too low to be consistent with the Committee's 2 percent inflation objective.",0,0,0.805674,0.149096,0.045230,1,944601,roberta_all
855,2007,"The federal funds rate averaged a little higher than the level expected with an unchanged policy stance, in part because of unexpectedly high demand for reserves in late July and early August.",1,1,0.047379,0.927119,0.025502,1,944601,roberta_all
443,2021,"In the past few years, the effect on the dollar of increased expectations about divergence between U.S. and foreign interest rates has been especially strong.9 The nearly 20 percent increase in the dollar over 2014 and 2015 coincided with falling real exports and import prices in the United States.",0,0,0.876248,0.108972,0.014779,1,944601,roberta_all
952,2012,"The upswing in M2 growth since late winter stemmed in part from the temporary effects of mortgage refinancing, which boosted liquid deposits over this period, though M2 was also buoyed by strong gains in nominal income.",0,1,0.137840,0.661863,0.200297,0,944601,roberta_all
596,2002,"Of the 1,700 Washington employees, roughly 250 are Ph.D. economists, the majority of whom support the Board's monetary policy responsibilities.",2,2,0.061150,0.032145,0.906705,1,944601,roberta_all
258,1996,"Fiscal policy, on the other hand, can be an instrument of growth policy, through its effect on national saving via the structural budget deficit, through incentive effects on work, saving and investment via tax rates and tax structure, and through public investment in human capital and physical infrastructure.",0,2,0.044863,0.030201,0.924936,0,944601,roberta_all
679,2017,Some have been concerned that the Federal Reserve and the Treasury might be working at cross purposes today to the extent that reductions in the Treasury debt supply have lead to declines in longer-term Treasury rates at a time when monetary policy is aiming to slow the pace of economic activity to a more sustainable rate.,1,0,0.863756,0.103445,0.032799,0,944601,roberta_all
837,2018,The current range readily encompassed the growth rate seen likely to be associated with the members' forecasts for economic activity and prices.,2,2,0.041657,0.036008,0.922334,1,944601,roberta_all
37,2001,"Additionally, can one make any other generalizations concerning recessions that follow asset-price booms and busts and how they differ from other recessions?",2,2,0.036954,0.028451,0.934595,1,944601,roberta_all
241,2007,"However, equity prices subsequently retraced some of the earlier declines as concerns about trade policy seemed to ease and corporate earnings reports for the first quarter of 2018 generally came in stronger than expected.",2,2,0.105201,0.358769,0.536030,1,944601,roberta_all
942,2005,"The stance of monetary policy remains accommodative, thereby supporting some further strengthening in labor market conditions and a sustained return to 2 percent inflation.",0,0,0.929066,0.048002,0.022933,1,944601,roberta_all
836,2003,"These concerns were centered around the fact that corporate borrowers could no longer raise funds in the bond or commercial paper markets at reasonable prices or, at some times and for some borrowers, at all.",2,1,0.289248,0.364929,0.345823,0,944601,roberta_all
154,2000,"But in our new century, the simple notion of price has turned decidedly ambiguous.",2,2,0.058628,0.131330,0.810042,1,944601,roberta_all
